เลขที่ CIF,วันที่ประเมิน,Grade,การจัดส่ง
380000938,15/6/2565,5.BB,ส่งเเล้ว
380000938,9/7/2565 0:00,5.BB,ส่งเเล้ว
750798220,8/1/2565 0:00,10.DDD,ส่งเเล้ว
750769764,8/11/2565 0:00,10.DDD,ส่งเเล้ว
750794184,8/4/2565 0:00,7.CCC,ส่งเเล้ว
750854232,4/2/2565 0:00,8.CC,ส่งเเล้ว
750205147,18/2/2565,6.B+,ส่งเเล้ว
750794593,29/3/2565,3.A+,ส่งเเล้ว
750794593,3/9/2565 0:00,7.CCC,ส่งเเล้ว
380002624,4/4/2565 0:00,4.BBB,ส่งเเล้ว
750775273,25/4/2565,7.CCC,ส่งเเล้ว
750894182,4/4/2565 0:00,8.CC,ส่งเเล้ว
750805202,31/3/2565,7.CCC,ส่งเเล้ว
750766732,6/9/2565 0:00,7.CCC,ส่งเเล้ว
750794593,19/8/2565,4.BBB,ส่งเเล้ว
750766732,23/8/2565,7.CCC,ส่งเเล้ว
750765821,8/11/2565 0:00,8.CC,ส่งเเล้ว
750800525,8/11/2565 0:00,4.BBB,ส่งเเล้ว
750905135,9/8/2565 0:00,6.B+,ส่งเเล้ว
750805202,17/11/2565,7.CCC,ส่งเเล้ว
630010083,4/12/2565 0:00,8.CC,ส่งเเล้ว
750769754,8/11/2565 0:00,10.DDD,ส่งเเล้ว
nan,nan,nan,ส่งเเล้ว
750899369,21/9/2565,8.CC,ส่งเเล้ว
750764319,18/3/2565,6.B+,ส่งเเล้ว
750765097,243195,8.CC,ส่งเเล้ว
750906220,28/2/2565,9.C+,ส่งเเล้ว
730015345,14/1/2565,10.DDD,ส่งเเล้ว
nan,25/3/2565,4.BBB,ส่งเเล้ว
750774147,25/4/2565,5.BB,ส่งเเล้ว
750285641,19/5/2565,6.B+,ส่งเเล้ว
nan,31/5/2565,4.BBB,ส่งเเล้ว
750862970,30/6/2565,4.BBB,ส่งเเล้ว
750285641,25/8/2565,6.B+,ส่งเเล้ว
750928835,243203,7.CCC,ส่งเเล้ว
750928824,18/11/2565,7.CCC,ส่งเเล้ว
750285641,19/12/2565,5.BB,ส่งเเล้ว
730015345,21/12/2565,10.DDD,ส่งเเล้ว
750811477,23/12/2565,8.CC,ส่งเเล้ว
750394788,243095,8.CC,ส่งเเล้ว
620003353,243095,3.A+,ส่งเเล้ว
750346699,28/1/2565,9.C+,ส่งเเล้ว
750434909,14/2/2565,5.BB,ส่งเเล้ว
750750146,15/3/2565,6.B+,ส่งเเล้ว
750434909,18/4/2565,5.BB,ส่งเเล้ว
750909137,243196,4.BBB,ส่งเเล้ว
750760423,19/3/2565,3.A+,ส่งเเล้ว
750759293,23/3/2565,4.BBB,ส่งเเล้ว
750760423,27/8/2565,3.A+,ส่งเเล้ว
799012254,26/8/2565,5.BB,ส่งเเล้ว
750931078,23/11/2565,4.BBB,ส่งเเล้ว
750748113,21/12/2565,3.A+,ส่งเเล้ว
nan,1/10/2565 0:00,9.C+,ส่งเเล้ว
540002759,2/8/2565 0:00,6.B+,ส่งเเล้ว
750800923,2/2/2565 0:00,3.A+,ส่งเเล้ว
750346149,3/1/2565 0:00,8.CC,ส่งเเล้ว
380003509,3/1/2565 0:00,9.C+,ส่งเเล้ว
750902516,3/11/2565 0:00,8.CC,ส่งเเล้ว
750909949,25/3/2565,6.B+,ส่งเเล้ว
750814617,21/4/2565,5.BB,ส่งเเล้ว
750911355,21/4/2565,3.A+,ส่งเเล้ว
750902516,5/3/2565 0:00,8.CC,ส่งเเล้ว
730016736,22/4/2565,3.A+,ส่งเเล้ว
750867488,20/4/2565,7.CCC,ส่งเเล้ว
750901135,25/5/2565,9.C+,ส่งเเล้ว
750913505,18/5/2565,11.DD,ส่งเเล้ว
nan,6/9/2565 0:00,5.BB,ส่งเเล้ว
750836331,29/6/2565,4.BBB,ส่งเเล้ว
750905127,9/6/2565 0:00,8.CC,ส่งเเล้ว
750708445,1/6/2565 0:00,6.B+,ส่งเเล้ว
750923707,16/6/2565 0:00,3.A+,ส่งเเล้ว
750805168,14/7/2565 0:00,6.B+,ส่งเเล้ว
750897863,14/7/2565 0:00,4.BBB,ส่งเเล้ว
680011941,14/6/2565 0:00,10.DDD,ส่งเเล้ว
750792562,5/12/2565 0:00,4.BBB,ส่งเเล้ว
nan,27/6/2565 0:00,4.BBB,ส่งเเล้ว
750271193,7/12/2565 0:00,8.CC,ส่งเเล้ว
nan,24/8/2565 0:00,4.BBB,ส่งเเล้ว
490001117,8/2/2565 0:00,9.C+,ส่งเเล้ว
750925051,8/10/2565 0:00,8.CC,ส่งเเล้ว
750432988,31/8/2565,7.CCC,ส่งเเล้ว
750766899,19/9/2565,3.A+,ส่งเเล้ว
750902516,28/10/2565,9.C+,ส่งเเล้ว
nan,11/3/2565 0:00,3.A+,ส่งเเล้ว
750363096,11/8/2565 0:00,3.A+,ส่งเเล้ว
750676697,25/10/2565,4.BBB,ส่งเเล้ว
750902516,15/11/2565,7.CCC,ส่งเเล้ว
nan,20/12/2565,8.CC,ส่งเเล้ว
nan,18/11/2565,6.B+,ส่งเเล้ว
nan,12/1/2565 0:00,9.C+,ส่งเเล้ว
nan,19/12/2565,4.BBB,ส่งเเล้ว
750893627,16/12/2565,6.B+,ส่งเเล้ว
750933349,16/12/2565,8.CC,ส่งเเล้ว
750293549,7/10/2565 0:00,5.BB,ส่งเเล้ว
540002407,27/5/2565,5.BB,ส่งเเล้ว
750775740,243066,3.A+,ส่งเเล้ว
750797871,243193,9.C+,ส่งเเล้ว
nan,28/1/2565,9.C+,ส่งเเล้ว
750810015,242930,4.BBB,ส่งเเล้ว
750803774,242922,5.BB,ส่งเเล้ว
750314936,29/4/2565,10.DDD,ส่งเเล้ว
750418373,28/4/2565,8.CC,ส่งเเล้ว
310006546,26/8/2565,5.BB,ส่งเเล้ว
nan,15/9/2565,5.BB,ส่งเเล้ว
310006546,21/11/2565,5.BB,ส่งเเล้ว
nan,31/10/2565,4.BBB,ส่งเเล้ว
750775740,243081,3.A+,ส่งเเล้ว
750399457,29/4/2565,10.DDD,ส่งเเล้ว
750397321,22/12/2565,11.DD,ส่งเเล้ว
750397349,22/12/2565,8.CC,ส่งเเล้ว
750897984,29/12/2565,5.BB,ส่งเเล้ว
750804849,6/6/2565 0:00,6.B+,ส่งเเล้ว
750398494,8/6/2565 0:00,8.CC,ส่งเเล้ว
750792563,6/6/2565 0:00,9.C+,ส่งเเล้ว
nan,8/6/2565 0:00,6.B+,ส่งเเล้ว
750671692,14/6/2565,6.B+,ส่งเเล้ว
750823818,17/3/2565,5.BB,ส่งเเล้ว
750823818,22/6/2565,4.BBB,ส่งเเล้ว
750823818,22/6/2565,5.BB,ส่งเเล้ว
750762025,5/9/2565 0:00,8.CC,ส่งเเล้ว
750936890,15/7/2565,5.BB,ส่งเเล้ว
nan,22/7/2565,4.BBB,ส่งเเล้ว
750935383,14/2/2565,4.BBB,ส่งเเล้ว
680015190,28/2/2565,6.B+,ส่งเเล้ว
750934800,18/2/2565,8.CC,ส่งเเล้ว
750360207,23/2/2565,9.C+,ส่งเเล้ว
750897863,15/3/2565,3.A+,ส่งเเล้ว
750080392,3/11/2565 0:00,6.B+,ส่งเเล้ว
750947293,29/4/2565,6.B+,ส่งเเล้ว
750792563,15/7/2565 0:00,9.C+,ส่งเเล้ว
nan,8/10/2565 0:00,6.B+,ส่งเเล้ว
nan,15/9/2565,6.B+,ส่งเเล้ว
750080392,25/8/2565,7.CCC,ส่งเเล้ว
750716062,27/12/2565,5.BB,ส่งเเล้ว
750424388,11/11/2565 0:00,7.CCC,ส่งเเล้ว
701012,21/10/2565,9.C+,ส่งเเล้ว
nan,19/12/2565,6.B+,ส่งเเล้ว
520000466,22/11/2565,7.CCC,ส่งเเล้ว
580001959,21/10/2565,5.BB,ส่งเเล้ว
750644395,21/10/2565,6.B+,ส่งเเล้ว
730007522,11/2/2565 0:00,6.B+,ส่งเเล้ว
750602275,11/2/2565 0:00,5.BB,ส่งเเล้ว
480003207,28/6/2565 0:00,10.DDD,ส่งเเล้ว
750900842,6/2/2565 0:00,7.CCC,ส่งเเล้ว
750662105,25/4/2565,10.DDD,ส่งเเล้ว
750929907,13/9/2565,6.B+,ส่งเเล้ว
750662105,14/11/2565,10.DDD,ส่งเเล้ว
750245930,21/12/2565,9.C+,ส่งเเล้ว
730046386,29/12/2565,10.DDD,ส่งเเล้ว
750958513,17/8/2565,6.B+,ส่งเเล้ว
750903011,2/10/2565 0:00,8.CC,ส่งเเล้ว
750903011,8/3/2565 0:00,8.CC,ส่งเเล้ว
750900842,8/9/2565 0:00,7.CCC,ส่งเเล้ว
730022248,7/1/2565 0:00,9.C+,ส่งเเล้ว
nan,27/1/2565,10.DDD,ส่งเเล้ว
750245930,2/8/2565 0:00,10.DDD,ส่งเเล้ว
750430676,20/1/2565,9.C+,ส่งเเล้ว
750430676,21/9/2565,9.C+,ส่งเเล้ว
730046386,2/11/2565 0:00,10.DDD,ส่งเเล้ว
550005508,2/2/2565 0:00,9.C+,ส่งเเล้ว
550005508,25/4/2565,9.C+,ส่งเเล้ว
750716560,17/2/2565,8.CC,ส่งเเล้ว
nan,8/3/2565 0:00,9.C+,ส่งเเล้ว
750662106,3/10/2565 0:00,10.DDD,ส่งเเล้ว
750722644,3/11/2565 0:00,10.DDD,ส่งเเล้ว
750697586,4/3/2565 0:00,11.DD,ส่งเเล้ว
750662105,14/3/2565,10.DDD,ส่งเเล้ว
750312453,19/4/2565,10.DDD,ส่งเเล้ว
750326504,5/3/2565 0:00,9.C+,ส่งเเล้ว
750326504,6/9/2565 0:00,9.C+,ส่งเเล้ว
750326504,25/11/2565,9.C+,ส่งเเล้ว
750847672,5/5/2565 0:00,10.DDD,ส่งเเล้ว
750847672,11/3/2565 0:00,10.DDD,ส่งเเล้ว
750443343,16/12/2565,8.CC,ส่งเเล้ว
750759942,29/12/2564,8.CC,ส่งเเล้ว
670005540,29/12/2564,8.CC,ส่งเเล้ว
730008353,16/11/2566,8.CC,ส่งเเล้ว
750382531,25/11/2565,nan,ส่งเเล้ว
680008224,30/11/2565,nan,ส่งเเล้ว
550001382,20/1/2565,19.sCCC,ส่งเเล้ว
750825872,14/2/2565,19.sCCC,ส่งเเล้ว
750791403,23/2/2565,18.sB+,ส่งเเล้ว
750692480,23/2/2565,20.sCC,ส่งเเล้ว
nan,14/3/2565,15.sA+,ส่งเเล้ว
750739040,28/3/2565,20.sCC,ส่งเเล้ว
750863661,23/3/2565,18.sB+,ส่งเเล้ว
750896624,29/3/2565,21.sC+,ส่งเเล้ว
750894182,4/4/2565 0:00,18.sB+,ส่งเเล้ว
750102024,27/4/2565,18.sB+,ส่งเเล้ว
nan,25/4/2565,18.sB+,ส่งเเล้ว
nan,4/9/2565 0:00,15.sA+,ส่งเเล้ว
750406118,27/5/2565,18.sB+,ส่งเเล้ว
520000767,25/5/2565,20.sCC,ส่งเเล้ว
750173853,13/1/2565,17.sBB,ส่งเเล้ว
750798436,14/1/2565,15.sA+,ส่งเเล้ว
750855210,2/9/2565 0:00,17.sBB,ส่งเเล้ว
680004251,2/9/2565 0:00,20.sCC,ส่งเเล้ว
750902971,14/2/2565,21.sC+,ส่งเเล้ว
360001391,3/7/2565 0:00,20.sCC,ส่งเเล้ว
730031738,28/2/2565,21.sC+,ส่งเเล้ว
730033748,28/2/2565,21.sC+,ส่งเเล้ว
610025511,3/2/2565 0:00,19.sCCC,ส่งเเล้ว
730006354,15/3/2565,19.sCCC,ส่งเเล้ว
610005225,3/7/2565 0:00,20.sCC,ส่งเเล้ว
750908898,3/4/2565 0:00,20.sCC,ส่งเเล้ว
750908899,3/4/2565 0:00,20.sCC,ส่งเเล้ว
740000608,17/3/2565,19.sCCC,ส่งเเล้ว
750747123,3/11/2565 0:00,20.sCC,ส่งเเล้ว
730007596,3/11/2565 0:00,20.sCC,ส่งเเล้ว
750935296,23/3/2565,17.sBB,ส่งเเล้ว
530003423,3/2/2565 0:00,21.sC+,ส่งเเล้ว
680008547,4/4/2565 0:00,19.sCCC,ส่งเเล้ว
680004262,24/3/2565,20.sCC,ส่งเเล้ว
730004741,24/3/2565,20.sCC,ส่งเเล้ว
750728591,3/10/2565 0:00,17.sBB,ส่งเเล้ว
750797944,4/7/2565 0:00,17.sBB,ส่งเเล้ว
730016321,20/4/2565,15.sA+,ส่งเเล้ว
750711560,4/12/2565 0:00,19.sCCC,ส่งเเล้ว
750689991,30/3/2565,22.sDDD,ส่งเเล้ว
750937992,29/4/2565,16.sBBB,ส่งเเล้ว
510000452,5/11/2565 0:00,19.sCCC,ส่งเเล้ว
750819755,5/10/2565 0:00,21.sC+,ส่งเเล้ว
750905839,5/9/2565 0:00,20.sCC,ส่งเเล้ว
750899787,30/5/2565,18.sB+,ส่งเเล้ว
750799979,6/2/2565 0:00,16.sBBB,ส่งเเล้ว
750941913,23/5/2565,16.sBBB,ส่งเเล้ว
750630246,25/5/2565,22.sDDD,ส่งเเล้ว
750812560,6/2/2565 0:00,22.sDDD,ส่งเเล้ว
670003806,16/6/2565,20.sCC,ส่งเเล้ว
750911412,20/6/2565,19.sCCC,ส่งเเล้ว
750911065,14/6/2565,15.sA+,ส่งเเล้ว
750908595,6/10/2565 0:00,16.sBBB,ส่งเเล้ว
750747060,16/6/2565,20.sCC,ส่งเเล้ว
750937826,20/6/2565,19.sCCC,ส่งเเล้ว
540003710,6/2/2565 0:00,15.sA+,ส่งเเล้ว
750068349,13/6/2565,15.sA+,ส่งเเล้ว
750912456,13/6/2565,18.sB+,ส่งเเล้ว
540001262,7/5/2565 0:00,17.sBB,ส่งเเล้ว
690001559,7/5/2565 0:00,21.sC+,ส่งเเล้ว
680017512,7/5/2565 0:00,21.sC+,ส่งเเล้ว
nan,28/6/2565,19.sCCC,ส่งเเล้ว
590001088,18/7/2565,17.sBB,ส่งเเล้ว
750590121,11/7/2565 0:00,18.sB+,ส่งเเล้ว
750037218,27/7/2565,19.sCCC,ส่งเเล้ว
750102024,19/7/2565,17.sBB,ส่งเเล้ว
750941881,19/7/2565,17.sBB,ส่งเเล้ว
750741071,8/2/2565 0:00,19.sCCC,ส่งเเล้ว
750934139,8/4/2565 0:00,16.sBBB,ส่งเเล้ว
750959783,18/11/2565,17.sBB,ส่งเเล้ว
750439745,8/11/2565 0:00,20.sCC,ส่งเเล้ว
750723233,8/4/2565 0:00,22.sDDD,ส่งเเล้ว
750856473,8/8/2565 0:00,20.sCC,ส่งเเล้ว
750929545,8/5/2565 0:00,18.sB+,ส่งเเล้ว
nan,26/8/2565,17.sBB,ส่งเเล้ว
nan,25/4/2565 0:00,18.sB+,ส่งเเล้ว
680007970,28/1/2565,18.sB+,ส่งเเล้ว
750700734,25/1/2565,18.sB+,ส่งเเล้ว
670001877,27/1/2565,20.sCC,ส่งเเล้ว
750817639,11/2/2565 0:00,16.sBBB,ส่งเเล้ว
610008012,2/2/2565 0:00,18.sB+,ส่งเเล้ว
390001766,17/8/2565,16.sBBB,ส่งเเล้ว
750920523,6/8/2565 0:00,19.sCCC,ส่งเเล้ว
750934530,22/3/2565,21.sC+,ส่งเเล้ว
680030356,22/3/2565,19.sCCC,ส่งเเล้ว
750406726,1/3/2565 0:00,15.sA+,ส่งเเล้ว
680009124,25/3/2565,21.sC+,ส่งเเล้ว
730018109,27/1/2565,14.sAA,ส่งเเล้ว
580013300,14/1/2565 0:00,20.sCC,ส่งเเล้ว
750070640,8/4/2565 0:00,21.sC+,ส่งเเล้ว
750810662,16/8/2565,19.sCCC,ส่งเเล้ว
750810685,16/8/2565,17.sBB,ส่งเเล้ว
750540605,9/2/2565 0:00,16.sBBB,ส่งเเล้ว
nan,31/8/2565,16.sBBB,ส่งเเล้ว
750791403,8/11/2565 0:00,18.sB+,ส่งเเล้ว
510001317,9/2/2565 0:00,21.sC+,ส่งเเล้ว
nan,13/9/2565,20.sCC,ส่งเเล้ว
750741071,12/1/2565 0:00,19.sCCC,ส่งเเล้ว
nan,27/10/2565,18.sB+,ส่งเเล้ว
750745683,12/7/2565 0:00,22.sDDD,ส่งเเล้ว
750560001,12/6/2565 0:00,19.sCCC,ส่งเเล้ว
nan,18/11/2565,17.sBB,ส่งเเล้ว
750867488,12/6/2565 0:00,19.sCCC,ส่งเเล้ว
nan,12/2/2565 0:00,19.sCCC,ส่งเเล้ว
750692413,12/9/2565 0:00,19.sCCC,ส่งเเล้ว
nan,18/11/2565,21.sC+,ส่งเเล้ว
480003008,14/12/2565,21.sC+,ส่งเเล้ว
580003343,20/12/2565,20.sCC,ส่งเเล้ว
nan,21/12/2565,17.sBB,ส่งเเล้ว
nan,21/12/2565,18.sB+,ส่งเเล้ว
nan,29/12/2565,21.sC+,ส่งเเล้ว
750054639,15/12/2565,20.sCC,ส่งเเล้ว
750900254,19/12/2565,17.sBB,ส่งเเล้ว
750589526,19/12/2565,20.sCC,ส่งเเล้ว
690001351,16/12/2565,17.sBB,ส่งเเล้ว
750715418,15/12/2565,19.sCCC,ส่งเเล้ว
750708003,12/8/2565 0:00,14.sAA,ส่งเเล้ว
750801202,14/2/2565,17.sBB,ส่งเเล้ว
750749848,18/10/2565,20.sCC,ส่งเเล้ว
7300188109,27/1/2565,14.sAA,ส่งเเล้ว
750601559,18/8/2565,17.sBB,ส่งเเล้ว
750748174,27/9/2565,6.B+,ส่งเเล้ว
750812555,6/2/2565 0:00,22.sDDD,ส่งเเล้ว
750846657,28/3/2565,20.sCC,ส่งเเล้ว
750846654,28/3/2565,20.sCC,ส่งเเล้ว
750519925,9/1/2565 0:00,17.sBB,ส่งเเล้ว
750815251,12/6/2565 0:00,6.B+,ส่งเเล้ว
750840591,12/6/2565 0:00,6.B+,ส่งเเล้ว
750932162,12/9/2565 0:00,5.BB,ส่งเเล้ว
750757338,15/12/2565,5.BB,ส่งเเล้ว
750112706,15/12/2565,5.BB,ส่งเเล้ว
670019180,15/12/2565,5.BB,ส่งเเล้ว
750027650,21/12/2565,6.B+,ส่งเเล้ว
310000017,5/7/2565 0:00,17.sBB,ส่งเเล้ว
750896506,22/12/2565,17.sBB,ส่งเเล้ว
750303566,26/4/2565,17.sBB,ส่งเเล้ว
750760052,2/7/2565 0:00,16.sBBB,ส่งเเล้ว
750192705,21/5/2565,17.sBB,ส่งเเล้ว
750897189,25/10/2565,21.sC+,ส่งเเล้ว
750930767,28/11/2565,16.sBBB,ส่งเเล้ว
680018357,1/11/2565 0:00,14.sAA,ส่งเเล้ว
750758437,24/1/2565,18.sB+,ส่งเเล้ว
750961090,31/8/2565,16.sBBB,ส่งเเล้ว
750961263,13/9/2565,20.sCC,ส่งเเล้ว
750820157,7/4/2565 0:00,16.sBBB,ส่งเเล้ว
730013483,11/7/2565 0:00,19.sCCC,ส่งเเล้ว
750709169,18/7/2565 0:00,20.sCC,ส่งเเล้ว
750791441,7/7/2565 0:00,20.sCC,ส่งเเล้ว
730022993,8/7/2565 0:00,19.sCCC,ส่งเเล้ว
750679514,30/6/2565 0:00,17.sBB,ส่งเเล้ว
360001458,17/1/2565,15.sA+,ส่งเเล้ว
750725217,20/1/2565,18.sB+,ส่งเเล้ว
750751916,26/1/2565,19.sCCC,ส่งเเล้ว
750674381,30/1/2565,21.sC+,ส่งเเล้ว
750791441,17/1/2565,20.sCC,ส่งเเล้ว
750703242,2/9/2565 0:00,20.sCC,ส่งเเล้ว
nan,24/1/2565,20.sCC,ส่งเเล้ว
750897008,1/2/2565 0:00,20.sCC,ส่งเเล้ว
750852910,10/2/2565 0:00,21.sC+,ส่งเเล้ว
750676263,2/10/2565 0:00,21.sC+,ส่งเเล้ว
650000643,28/1/2565,21.sC+,ส่งเเล้ว
750241764,2/3/2565 0:00,19.sCCC,ส่งเเล้ว
nan,3/11/2565 0:00,19.sCCC,ส่งเเล้ว
750719541,3/3/2565 0:00,20.sCC,ส่งเเล้ว
730003238,3/7/2565 0:00,22.sDDD,ส่งเเล้ว
750438636,3/7/2565 0:00,21.sC+,ส่งเเล้ว
680009350,28/2/2565,22.sDDD,ส่งเเล้ว
750934139,19/3/2565,16.sBBB,ส่งเเล้ว
nan,18/3/2565,17.sBB,ส่งเเล้ว
730013902,15/3/2565,20.sCC,ส่งเเล้ว
670007676,23/3/2565,20.sCC,ส่งเเล้ว
670007676,4/2/2565 0:00,20.sCC,ส่งเเล้ว
750776262,11/3/2565 0:00,21.sC+,ส่งเเล้ว
750820722,4/8/2565 0:00,17.sBB,ส่งเเล้ว
750769899,3/10/2565 0:00,21.sC+,ส่งเเล้ว
740001748,22/4/2565,17.sBB,ส่งเเล้ว
750555144,20/4/2565,16.sBBB,ส่งเเล้ว
480002052,21/4/2565,17.sBB,ส่งเเล้ว
750793460,4/7/2565 0:00,20.sCC,ส่งเเล้ว
730013517,5/10/2565 0:00,21.sC+,ส่งเเล้ว
730013516,5/12/2565 0:00,21.sC+,ส่งเเล้ว
730013487,5/3/2565 0:00,18.sB+,ส่งเเล้ว
730003994,25/4/2565,19.sCCC,ส่งเเล้ว
750693219,27/4/2565,21.sC+,ส่งเเล้ว
730022993,25/4/2565,19.sCCC,ส่งเเล้ว
610008276,5/6/2565 0:00,21.sC+,ส่งเเล้ว
750749689,16/3/2565,22.sDDD,ส่งเเล้ว
750749689,12/1/2565 0:00,19.sCCC,ส่งเเล้ว
750708633,5/12/2565 0:00,19.sCCC,ส่งเเล้ว
610008283,5/12/2565 0:00,19.sCCC,ส่งเเล้ว
540001248,5/12/2565 0:00,19.sCCC,ส่งเเล้ว
480602348,5/10/2565 0:00,20.sCC,ส่งเเล้ว
730003994,12/5/2565 0:00,20.sCC,ส่งเเล้ว
750709392,13/5/2565,17.sBB,ส่งเเล้ว
750708903,13/5/2565,20.sCC,ส่งเเล้ว
750482789,22/4/2565,19.sCCC,ส่งเเล้ว
680012544,19/5/2565,21.sC+,ส่งเเล้ว
730021101,24/5/2565,18.sB+,ส่งเเล้ว
740001747,23/5/2565,18.sB+,ส่งเเล้ว
710001279,25/5/2565,17.sBB,ส่งเเล้ว
730013474,18/5/2565,21.sC+,ส่งเเล้ว
730013487,24/5/2565,19.sCCC,ส่งเเล้ว
710001992,19/5/2565,19.sCCC,ส่งเเล้ว
310003398,18/5/2565,19.sCCC,ส่งเเล้ว
730008234,20/5/2565,20.sCC,ส่งเเล้ว
750709723,25/5/2565,21.sC+,ส่งเเล้ว
670005617,6/7/2565 0:00,21.sC+,ส่งเเล้ว
610006195,5/5/2565 0:00,19.sCCC,ส่งเเล้ว
750719541,6/7/2565 0:00,20.sCC,ส่งเเล้ว
610025253,13/6/2565,19.sCCC,ส่งเเล้ว
480002815,6/7/2565 0:00,19.sCCC,ส่งเเล้ว
750153562,14/6/2565,20.sCC,ส่งเเล้ว
750862337,23/5/2565,20.sCC,ส่งเเล้ว
750708903,13/6/2565,20.sCC,ส่งเเล้ว
730015329,16/6/2565,17.sBB,ส่งเเล้ว
730035980,17/6/2565 0:00,15.sA+,ส่งเเล้ว
680001860,1/7/2565 0:00,15.sA+,ส่งเเล้ว
730003994,8/1/2565 0:00,19.sCCC,ส่งเเล้ว
530001708,15/8/2565,18.sB+,ส่งเเล้ว
750923411,8/5/2565 0:00,21.sC+,ส่งเเล้ว
580004367,15/8/2565,19.sCCC,ส่งเเล้ว
781039630,8/9/2565 0:00,18.sB+,ส่งเเล้ว
610008276,25/8/2565,21.sC+,ส่งเเล้ว
730013485,24/8/2565,15.sA+,ส่งเเล้ว
750670453,15/8/2565,16.sBBB,ส่งเเล้ว
750643560,18/8/2565,17.sBB,ส่งเเล้ว
750709392,18/7/2565 0:00,20.sCC,ส่งเเล้ว
750761041,23/2/2565 0:00,16.sBBB,ส่งเเล้ว
750169877,5/8/2565 0:00,16.sBBB,ส่งเเล้ว
nan,12/9/2565 0:00,17.sBB,ส่งเเล้ว
730003994,31/8/2565,16.sBBB,ส่งเเล้ว
490000862,25/8/2565,17.sBB,ส่งเเล้ว
490000143,30/8/2565,17.sBB,ส่งเเล้ว
750919149,30/8/2565,15.sA+,ส่งเเล้ว
670007676,30/8/2565,20.sCC,ส่งเเล้ว
620001113,14/9/2565,16.sBBB,ส่งเเล้ว
nan,9/12/2565 0:00,17.sBB,ส่งเเล้ว
730021227,22/8/2565,19.sCCC,ส่งเเล้ว
750670453,28/11/2565,18.sB+,ส่งเเล้ว
750670453,11/9/2565 0:00,19.sCCC,ส่งเเล้ว
750708473,28/11/2565,17.sBB,ส่งเเล้ว
750703242,12/8/2565 0:00,18.sB+,ส่งเเล้ว
750589526,25/11/2565,20.sCC,ส่งเเล้ว
750820722,12/6/2565 0:00,18.sB+,ส่งเเล้ว
750674381,12/9/2565 0:00,21.sC+,ส่งเเล้ว
650000643,12/6/2565 0:00,20.sCC,ส่งเเล้ว
610008283,30/12/2565,19.sCCC,ส่งเเล้ว
670007676,30/12/2565,20.sCC,ส่งเเล้ว
750853485,10/5/2565 0:00,21.sC+,ส่งเเล้ว
750748204,10/5/2565 0:00,17.sBB,ส่งเเล้ว
750711720,12/2/2565 0:00,17.sBB,ส่งเเล้ว
620001442,10/1/2565 0:00,16.sBBB,ส่งเเล้ว
750061736,7/2/2565 0:00,21.sC+,ส่งเเล้ว
750085385,1/5/2565 0:00,17.sBB,ส่งเเล้ว
750293522,1/6/2565 0:00,19.sCCC,ส่งเเล้ว
520003220,1/6/2565 0:00,17.sBB,ส่งเเล้ว
380004866,1/5/2565 0:00,16.sBBB,ส่งเเล้ว
680034166,1/5/2565 0:00,16.sBBB,ส่งเเล้ว
620002430,1/11/2565 0:00,16.sBBB,ส่งเเล้ว
750433824,1/10/2565 0:00,16.sBBB,ส่งเเล้ว
680015372,1/10/2565 0:00,16.sBBB,ส่งเเล้ว
730015569,21/1/2565,16.sBBB,ส่งเเล้ว
610001549,20/1/2565,21.sC+,ส่งเเล้ว
750838579,1/12/2565 0:00,16.sBBB,ส่งเเล้ว
710001230,13/1/2565,18.sB+,ส่งเเล้ว
750932458,20/1/2565,19.sCCC,ส่งเเล้ว
750902036,2/9/2565 0:00,17.sBB,ส่งเเล้ว
750264727,27/1/2565,16.sBBB,ส่งเเล้ว
730014624,26/1/2565,17.sBB,ส่งเเล้ว
550003420,8/2/2565 0:00,17.sBB,ส่งเเล้ว
630004438,28/1/2565,18.sB+,ส่งเเล้ว
480000688,1/11/2565 0:00,21.sC+,ส่งเเล้ว
750157420,2/2/2565 0:00,18.sB+,ส่งเเล้ว
750755937,2/9/2565 0:00,22.sDDD,ส่งเเล้ว
680016967,4/2/2565 0:00,16.sBBB,ส่งเเล้ว
360007130,14/2/2565,16.sBBB,ส่งเเล้ว
670014180,2/2/2565 0:00,20.sCC,ส่งเเล้ว
730014293,7/2/2565 0:00,16.sBBB,ส่งเเล้ว
nan,2/9/2565 0:00,19.sCCC,ส่งเเล้ว
630004734,18/2/2565,16.sBBB,ส่งเเล้ว
670007712,15/2/2565,19.sCCC,ส่งเเล้ว
530004441,18/2/2565,17.sBB,ส่งเเล้ว
750097208,22/2/2565,16.sBBB,ส่งเเล้ว
750015248,18/2/2565,17.sBB,ส่งเเล้ว
310004862,24/2/2565,19.sCCC,ส่งเเล้ว
610005077,22/2/2565,16.sBBB,ส่งเเล้ว
750929198,22/2/2565,21.sC+,ส่งเเล้ว
750756300,28/2/2565,21.sC+,ส่งเเล้ว
620003014,3/1/2565 0:00,18.sB+,ส่งเเล้ว
750932611,2/9/2565 0:00,20.sCC,ส่งเเล้ว
750346461,22/2/2565,18.sB+,ส่งเเล้ว
55001026,24/2/2565,22.sDDD,ส่งเเล้ว
750910765,22/2/2565,18.sB+,ส่งเเล้ว
630004832,1/12/2565 0:00,19.sCCC,ส่งเเล้ว
750931109,2/8/2565 0:00,18.sB+,ส่งเเล้ว
750431517,28/2/2565,21.sC+,ส่งเเล้ว
750383321,16/3/2565,16.sBBB,ส่งเเล้ว
750264727,16/3/2565,16.sBBB,ส่งเเล้ว
750234856,31/1/2565,16.sBBB,ส่งเเล้ว
750346461,3/11/2565 0:00,17.sBB,ส่งเเล้ว
310001363,9/3/2565 0:00,17.sBB,ส่งเเล้ว
750907291,17/3/2565,17.sBB,ส่งเเล้ว
750051994,14/3/2565,21.sC+,ส่งเเล้ว
550002535,3/11/2565 0:00,16.sBBB,ส่งเเล้ว
610010841,18/3/2565,17.sBB,ส่งเเล้ว
750811686,14/3/2565,18.sB+,ส่งเเล้ว
590000927,9/3/2565 0:00,20.sCC,ส่งเเล้ว
610009309,17/3/2565,17.sBB,ส่งเเล้ว
580002368,22/3/2565,22.sDDD,ส่งเเล้ว
570000177,25/3/2565,19.sCCC,ส่งเเล้ว
nan,23/3/2565,17.sBB,ส่งเเล้ว
670003558,3/7/2565 0:00,15.sA+,ส่งเเล้ว
330002323,30/3/2565,17.sBB,ส่งเเล้ว
530002685,28/3/2565,16.sBBB,ส่งเเล้ว
750812922,18/4/2565,15.sA+,ส่งเเล้ว
730015569,21/4/2565,16.sBBB,ส่งเเล้ว
620001500,4/4/2565 0:00,18.sB+,ส่งเเล้ว
750926540,29/4/2565,20.sCC,ส่งเเล้ว
730011161,30/3/2565,18.sB+,ส่งเเล้ว
680009340,17/3/2565,20.sCC,ส่งเเล้ว
750157420,4/12/2565 0:00,18.sB+,ส่งเเล้ว
750908531,20/4/2565,17.sBB,ส่งเเล้ว
390003944,18/4/2565,18.sB+,ส่งเเล้ว
750442921,22/4/2565,21.sC+,ส่งเเล้ว
750296825,25/4/2565,18.sB+,ส่งเเล้ว
730013483,20/4/2565,19.sCCC,ส่งเเล้ว
730013478,27/4/2565,17.sBB,ส่งเเล้ว
630004751,27/4/2565,17.sBB,ส่งเเล้ว
390002873,20/4/2565,20.sCC,ส่งเเล้ว
750217928,9/5/2565 0:00,20.sCC,ส่งเเล้ว
550001975,12/5/2565 0:00,19.sCCC,ส่งเเล้ว
730013476,5/6/2565 0:00,20.sCC,ส่งเเล้ว
750252585,5/11/2565 0:00,17.sBB,ส่งเเล้ว
730011282,17/5/2565,16.sBBB,ส่งเเล้ว
750904152,18/3/2565,17.sBB,ส่งเเล้ว
750931504,5/11/2565 0:00,19.sCCC,ส่งเเล้ว
610024791,5/11/2565 0:00,17.sBB,ส่งเเล้ว
750894559,27/4/2565,18.sB+,ส่งเเล้ว
500000116,5/11/2565 0:00,22.sDDD,ส่งเเล้ว
740001753,18/5/2565,19.sCCC,ส่งเเล้ว
730013476,18/5/2565,20.sCC,ส่งเเล้ว
730038524,5/10/2565 0:00,19.sCCC,ส่งเเล้ว
550005097,19/5/2565,19.sCCC,ส่งเเล้ว
750771332,13/5/2565,15.sA+,ส่งเเล้ว
750910726,5/10/2565 0:00,16.sBBB,ส่งเเล้ว
nan,27/4/2565,19.sCCC,ส่งเเล้ว
670005427,23/5/2565,16.sBBB,ส่งเเล้ว
750146334,13/5/2565,18.sB+,ส่งเเล้ว
610006894,27/5/2565,16.sBBB,ส่งเเล้ว
750234856,5/5/2565 0:00,17.sBB,ส่งเเล้ว
750905528,31/5/2565,17.sBB,ส่งเเล้ว
750562727,6/1/2565 0:00,17.sBB,ส่งเเล้ว
750449121,6/8/2565 0:00,17.sBB,ส่งเเล้ว
750477679,30/5/2565,21.sC+,ส่งเเล้ว
750912432,6/8/2565 0:00,16.sBBB,ส่งเเล้ว
750552285,6/7/2565 0:00,15.sA+,ส่งเเล้ว
750838432,6/9/2565 0:00,20.sCC,ส่งเเล้ว
750458174,16/6/2565,16.sBBB,ส่งเเล้ว
510002377,13/6/2565,17.sBB,ส่งเเล้ว
nan,30/5/2565,15.sA+,ส่งเเล้ว
nan,29/4/2565,15.sA+,ส่งเเล้ว
750388890,6/8/2565 0:00,17.sBB,ส่งเเล้ว
750268353,13/6/2565,19.sCCC,ส่งเเล้ว
nan,30/5/2565,18.sB+,ส่งเเล้ว
750051994,13/6/2565,22.sDDD,ส่งเเล้ว
750932458,20/6/2565,18.sB+,ส่งเเล้ว
690001410,6/6/2565 0:00,18.sB+,ส่งเเล้ว
nan,13/6/2565,18.sB+,ส่งเเล้ว
750442921,6/10/2565 0:00,21.sC+,ส่งเเล้ว
750854561,6/7/2565 0:00,18.sB+,ส่งเเล้ว
750431517,6/2/2565 0:00,21.sC+,ส่งเเล้ว
750717549,6/2/2565 0:00,17.sBB,ส่งเเล้ว
740001753,13/6/2565,19.sCCC,ส่งเเล้ว
750785571,27/6/2565,17.sBB,ส่งเเล้ว
610007241,6/9/2565 0:00,21.sC+,ส่งเเล้ว
nan,13/6/2565,17.sBB,ส่งเเล้ว
750424448,23/6/2565,15.sA+,ส่งเเล้ว
750904152,22/6/2565,17.sBB,ส่งเเล้ว
380004866,17/6/2565,18.sB+,ส่งเเล้ว
680034166,17/6/2565,18.sB+,ส่งเเล้ว
nan,21/6/2565,16.sBBB,ส่งเเล้ว
nan,24/6/2565,17.sBB,ส่งเเล้ว
730016152,30/6/2565,15.sA+,ส่งเเล้ว
nan,30/6/2565,17.sBB,ส่งเเล้ว
750388890,13/6/2565,17.sBB,ส่งเเล้ว
nan,8/7/2565 0:00,19.sCCC,ส่งเเล้ว
nan,30/6/2565 0:00,19.sCCC,ส่งเเล้ว
750326494,5/7/2565 0:00,16.sBBB,ส่งเเล้ว
750862034,6/6/2565 0:00,20.sCC,ส่งเเล้ว
540001844,19/7/2565 0:00,20.sCC,ส่งเเล้ว
610008392,4/7/2565 0:00,17.sBB,ส่งเเล้ว
610001552,11/7/2565 0:00,16.sBBB,ส่งเเล้ว
750375083,8/7/2565 0:00,19.sCCC,ส่งเเล้ว
nan,12/7/2565 0:00,17.sBB,ส่งเเล้ว
nan,28/6/2565 0:00,18.sB+,ส่งเเล้ว
nan,5/7/2565 0:00,19.sCCC,ส่งเเล้ว
680007661,15/7/2565 0:00,16.sBBB,ส่งเเล้ว
530004019,27/6/2565 0:00,15.sA+,ส่งเเล้ว
680010808,14/7/2565 0:00,17.sBB,ส่งเเล้ว
670003587,8/7/2565 0:00,15.sA+,ส่งเเล้ว
680011918,30/6/2565 0:00,16.sBBB,ส่งเเล้ว
680015550,2/8/2565 0:00,17.sBB,ส่งเเล้ว
610006490,30/6/2565 0:00,15.sA+,ส่งเเล้ว
330000519,1/8/2565 0:00,15.sA+,ส่งเเล้ว
750735539,13/6/2565 0:00,16.sBBB,ส่งเเล้ว
740000955,4/7/2565 0:00,17.sBB,ส่งเเล้ว
740001150,4/7/2565 0:00,17.sBB,ส่งเเล้ว
750444583,26/7/2565,20.sCC,ส่งเเล้ว
750941775,25/7/2565,17.sBB,ส่งเเล้ว
750185543,22/7/2565,16.sBBB,ส่งเเล้ว
nan,22/7/2565,18.sB+,ส่งเเล้ว
750258657,18/7/2565,16.sBBB,ส่งเเล้ว
nan,8/3/2565 0:00,16.sBBB,ส่งเเล้ว
750036471,27/7/2565,20.sCC,ส่งเเล้ว
750289737,8/2/2565 0:00,19.sCCC,ส่งเเล้ว
750886588,8/1/2565 0:00,16.sBBB,ส่งเเล้ว
610023639,26/7/2565,17.sBB,ส่งเเล้ว
nan,21/7/2565,21.sC+,ส่งเเล้ว
nan,8/3/2565 0:00,21.sC+,ส่งเเล้ว
330002323,15/8/2565,17.sBB,ส่งเเล้ว
750817748,16/8/2565,18.sB+,ส่งเเล้ว
750795156,8/8/2565 0:00,17.sBB,ส่งเเล้ว
730017532,8/3/2565 0:00,19.sCCC,ส่งเเล้ว
750790143,8/9/2565 0:00,16.sBBB,ส่งเเล้ว
610001474,8/5/2565 0:00,17.sBB,ส่งเเล้ว
750520162,16/8/2565,18.sB+,ส่งเเล้ว
nan,8/10/2565 0:00,20.sCC,ส่งเเล้ว
750909204,8/1/2565 0:00,16.sBBB,ส่งเเล้ว
610007241,8/3/2565 0:00,17.sBB,ส่งเเล้ว
750097208,8/11/2565 0:00,17.sBB,ส่งเเล้ว
530002630,16/8/2565,17.sBB,ส่งเเล้ว
750463296,19/8/2565,16.sBBB,ส่งเเล้ว
750862034,8/8/2565 0:00,20.sCC,ส่งเเล้ว
nan,8/8/2565 0:00,18.sB+,ส่งเเล้ว
750788613,26/8/2565,16.sBBB,ส่งเเล้ว
750449121,30/8/2565,17.sBB,ส่งเเล้ว
750645212,18/8/2565,18.sB+,ส่งเเล้ว
750865093,18/8/2565,17.sBB,ส่งเเล้ว
750865105,18/8/2565,17.sBB,ส่งเเล้ว
750744442,25/8/2565,21.sC+,ส่งเเล้ว
670017029,23/8/2565 0:00,15.sA+,ส่งเเล้ว
590000605,22/8/2565 0:00,15.sA+,ส่งเเล้ว
750102228,10/8/2565 0:00,18.sB+,ส่งเเล้ว
750886925,21/7/2565 0:00,16.sBBB,ส่งเเล้ว
610001199,15/8/2565 0:00,15.sA+,ส่งเเล้ว
750283546,15/8/2565 0:00,16.sBBB,ส่งเเล้ว
630002489,16/8/2565 0:00,15.sA+,ส่งเเล้ว
680013560,9/5/2565 0:00,15.sA+,ส่งเเล้ว
730002320,26/7/2565 0:00,15.sA+,ส่งเเล้ว
610005293,23/8/2565 0:00,15.sA+,ส่งเเล้ว
750307831,17/8/2565 0:00,16.sBBB,ส่งเเล้ว
730010101,12/8/2565 0:00,17.sBB,ส่งเเล้ว
610002728,26/7/2565 0:00,17.sBB,ส่งเเล้ว
680003180,26/7/2565 0:00,15.sA+,ส่งเเล้ว
480000611,1/8/2565 0:00,18.sB+,ส่งเเล้ว
610007241,3/8/2565 0:00,17.sBB,ส่งเเล้ว
310002940,24/5/2565 0:00,15.sA+,ส่งเเล้ว
730014293,25/5/2565 0:00,16.sBBB,ส่งเเล้ว
630002600,1/6/2565 0:00,15.sA+,ส่งเเล้ว
750914073,22/6/2565 0:00,15.sA+,ส่งเเล้ว
610021203,25/5/2565 0:00,15.sA+,ส่งเเล้ว
610001796,31/5/2565 0:00,17.sBB,ส่งเเล้ว
610012144,15/6/2565 0:00,16.sBBB,ส่งเเล้ว
750441945,9/6/2565 0:00,17.sBB,ส่งเเล้ว
nan,17/6/2565 0:00,16.sBBB,ส่งเเล้ว
nan,27/5/2565 0:00,18.sB+,ส่งเเล้ว
750275389,10/1/2565 0:00,17.sBB,ส่งเเล้ว
750764974,21/3/2565 0:00,16.sBBB,ส่งเเล้ว
580002321,18/3/2565 0:00,17.sBB,ส่งเเล้ว
550000757,24/2/2565 0:00,15.sA+,ส่งเเล้ว
nan,17/2/2565 0:00,17.sBB,ส่งเเล้ว
310011120,10/3/2565 0:00,16.sBBB,ส่งเเล้ว
750185563,1/3/2565 0:00,15.sA+,ส่งเเล้ว
610018730,8/3/2565 0:00,15.sA+,ส่งเเล้ว
730013484,2/3/2565 0:00,16.sBBB,ส่งเเล้ว
610024797,30/3/2565 0:00,15.sA+,ส่งเเล้ว
570000149,30/3/2565 0:00,15.sA+,ส่งเเล้ว
750086219,30/3/2565 0:00,17.sBB,ส่งเเล้ว
530006442,28/3/2565 0:00,18.sB+,ส่งเเล้ว
730015329,17/3/2565 0:00,16.sBBB,ส่งเเล้ว
320000378,25/3/2565 0:00,17.sBB,ส่งเเล้ว
540000299,10/3/2565 0:00,15.sA+,ส่งเเล้ว
750445970,13/1/2565 0:00,19.sCCC,ส่งเเล้ว
550001975,12/1/2565 0:00,17.sBB,ส่งเเล้ว
610022591,4/2/2565 0:00,17.sBB,ส่งเเล้ว
610007907,7/1/2565 0:00,17.sBB,ส่งเเล้ว
750092730,3/1/2565 0:00,16.sBBB,ส่งเเล้ว
710001598,20/1/2565 0:00,15.sA+,ส่งเเล้ว
750421967,5/1/2565 0:00,16.sBBB,ส่งเเล้ว
610001474,21/1/2565 0:00,16.sBBB,ส่งเเล้ว
360004272,25/1/2565 0:00,15.sA+,ส่งเเล้ว
760161763,5/1/2565 0:00,15.sA+,ส่งเเล้ว
620002966,26/1/2565 0:00,16.sBBB,ส่งเเล้ว
730014012,26/1/2565 0:00,16.sBBB,ส่งเเล้ว
670005095,10/2/2565 0:00,16.sBBB,ส่งเเล้ว
670000864,7/2/2565 0:00,17.sBB,ส่งเเล้ว
730022046,3/2/2565 0:00,17.sBB,ส่งเเล้ว
610012030,14/2/2565 0:00,16.sBBB,ส่งเเล้ว
360000916,2/2/2565 0:00,15.sA+,ส่งเเล้ว
670000960,28/1/2565 0:00,15.sA+,ส่งเเล้ว
310003026,21/2/2565 0:00,16.sBBB,ส่งเเล้ว
750907554,8/2/2565 0:00,16.sBBB,ส่งเเล้ว
730008403,13/1/2565 0:00,17.sBB,ส่งเเล้ว
750844356,15/8/2565,19.sCCC,ส่งเเล้ว
750075273,15/8/2565,18.sB+,ส่งเเล้ว
680009528,17/8/2565,17.sBB,ส่งเเล้ว
680017576,9/8/2565 0:00,17.sBB,ส่งเเล้ว
730019503,9/6/2565 0:00,16.sBBB,ส่งเเล้ว
680018969,9/5/2565 0:00,17.sBB,ส่งเเล้ว
610004354,30/8/2565,17.sBB,ส่งเเล้ว
520004795,9/2/2565 0:00,17.sBB,ส่งเเล้ว
630004734,9/8/2565 0:00,16.sBBB,ส่งเเล้ว
nan,9/7/2565 0:00,17.sBB,ส่งเเล้ว
530005538,15/9/2565,20.sCC,ส่งเเล้ว
750851255,20/9/2565,17.sBB,ส่งเเล้ว
nan,9/12/2565 0:00,18.sB+,ส่งเเล้ว
nan,9/2/2565 0:00,17.sBB,ส่งเเล้ว
750926540,19/9/2565,18.sB+,ส่งเเล้ว
750708009,23/9/2565,20.sCC,ส่งเเล้ว
750797170,9/12/2565 0:00,16.sBBB,ส่งเเล้ว
750910568,29/9/2565,21.sC+,ส่งเเล้ว
680019111,20/9/2565,18.sB+,ส่งเเล้ว
310002494,19/9/2565,16.sBBB,ส่งเเล้ว
360002525,13/9/2565,16.sBBB,ส่งเเล้ว
750270320,9/12/2565 0:00,16.sBBB,ส่งเเล้ว
750798475,9/6/2565 0:00,16.sBBB,ส่งเเล้ว
680022714,16/11/2565,18.sB+,ส่งเเล้ว
730021379,24/11/2565,18.sB+,ส่งเเล้ว
750289737,19/10/2565,19.sCCC,ส่งเเล้ว
nan,19/10/2565,21.sC+,ส่งเเล้ว
750602260,12/1/2565 0:00,18.sB+,ส่งเเล้ว
750324685,11/10/2565 0:00,19.sCCC,ส่งเเล้ว
680004031,29/11/2565,17.sBB,ส่งเเล้ว
750931504,30/11/2565,18.sB+,ส่งเเล้ว
750842657,12/6/2565 0:00,17.sBB,ส่งเเล้ว
75067592,12/1/2565 0:00,20.sCC,ส่งเเล้ว
750932458,30/11/2565,18.sB+,ส่งเเล้ว
750755937,12/2/2565 0:00,20.sCC,ส่งเเล้ว
630005953,19/10/2565,16.sBBB,ส่งเเล้ว
730013484,28/11/2565,17.sBB,ส่งเเล้ว
710000812,12/7/2565 0:00,19.sCCC,ส่งเเล้ว
750258667,24/11/2565,16.sBBB,ส่งเเล้ว
nan,28/11/2565,18.sB+,ส่งเเล้ว
750283624,12/2/2565 0:00,15.sA+,ส่งเเล้ว
750602260,15/12/2565,18.sB+,ส่งเเล้ว
620002430,20/12/2565,17.sBB,ส่งเเล้ว
750582778,25/11/2565,18.sB+,ส่งเเล้ว
750205256,12/9/2565 0:00,19.sCCC,ส่งเเล้ว
nan,16/12/2565,16.sBBB,ส่งเเล้ว
750796148,21/12/2565,18.sB+,ส่งเเล้ว
680015372,27/12/2565,16.sBBB,ส่งเเล้ว
580003313,14/12/2565,15.sA+,ส่งเเล้ว
680011846,30/12/2565,16.sBBB,ส่งเเล้ว
730014711,20/12/2565,18.sB+,ส่งเเล้ว
730021379,21/12/2565,20.sCC,ส่งเเล้ว
530007619,27/12/2565,19.sCCC,ส่งเเล้ว
630006473,27/12/2565,21.sC+,ส่งเเล้ว
750810544,11/3/2565 0:00,22.sDDD,ส่งเเล้ว
48000688,30/12/2565,19.sCCC,ส่งเเล้ว
380004866,27/12/2565,19.sCCC,ส่งเเล้ว
750932088,22/12/2565,22.sDDD,ส่งเเล้ว
750804842,9/9/2565 0:00,22.sDDD,ส่งเเล้ว
750772953,27/6/2565,17.sBB,ส่งเเล้ว
750417788,9/12/2565 0:00,18.sB+,ส่งเเล้ว
530000096,9/12/2565 0:00,18.sB+,ส่งเเล้ว
750865921,9/7/2565 0:00,16.sBBB,ส่งเเล้ว
750733901,8/5/2565 0:00,17.sBB,ส่งเเล้ว
750801021,10/3/2565 0:00,8.CC,ส่งเเล้ว
730022248,1/7/2565 0:00,9.C+,ส่งเเล้ว
730017279,20/11/2566,5.BB,ส่งเเล้ว
730017279,30/7/2565,6.B+,ส่งเเล้ว
730004306,18/10/2565,6.B+,ส่งเเล้ว
750854107,1/11/2566 0:00,6.B+,ส่งเเล้ว
750708739,1/11/2566 0:00,5.BB,ส่งเเล้ว
520000389,27/9/2565,6.B+,ส่งเเล้ว
680048049,28/6/2556,17.sBB,ส่งเเล้ว
750701604,24/6/2556,17.sBB,ส่งเเล้ว
750118795,25/4/2565,20.sCC,ส่งเเล้ว
750707033,4/12/2565 0:00,16.sBBB,ส่งเเล้ว
750713326,4/12/2556 0:00,18.sB+,ส่งเเล้ว
750794113,24/6/2565,18.sB+,ส่งเเล้ว
750794113,9/6/2565 0:00,15.sA+,ส่งเเล้ว
750848664,23/6/2565,16.sBBB,ส่งเเล้ว
750880658,19/10/2565,18.sB+,ส่งเเล้ว
750887793,4/12/2565 0:00,17.sBB,ส่งเเล้ว
750909814,20/5/2565,15.sA+,ส่งเเล้ว
750908067,7/7/2565 0:00,18.sB+,ส่งเเล้ว
750749699,17/11/2565,18.sB+,ส่งเเล้ว
360003317,22/12/2564,16.sBBB,ส่งเเล้ว
750921351,8/8/2565 0:00,19.sCCC,ส่งเเล้ว
750939951,18/5/2565,17.sBB,ส่งเเล้ว
750943504,14/6/2565,14.sAA,ส่งเเล้ว
750962136,12/5/2565 0:00,15.sA+,ส่งเเล้ว
750964128,20/9/2565,21.sC+,ส่งเเล้ว
750930282,2/2/2566 0:00,18.sB+,ส่งเเล้ว
730014657,2/2/2566 0:00,20.sCC,ส่งเเล้ว
750716839,16/12/2565,17.sBB,ส่งเเล้ว
750389379,28/4/2565,16.sBBB,ส่งเเล้ว
750703841,3/7/2565 0:00,20.sCC,ส่งเเล้ว
750938240,19/9/2565,16.sBBB,ส่งเเล้ว
750918579,2/6/2566 0:00,20.sCC,ส่งเเล้ว
730009076,2/6/2566 0:00,14.sAA,ส่งเเล้ว
750933449,2/1/2565 0:00,17.sBB,ส่งเเล้ว
610005255,3/7/2565 0:00,20.sCC,ส่งเเล้ว
750856467,22/2/2565,6.B+,ส่งเเล้ว
750512456,20/11/2565,17.sBB,ส่งเเล้ว
750893791,8/11/2565 0:00,16.sBBB,ส่งเเล้ว
750904302,28/2/2565,17.sBB,ส่งเเล้ว
750809296,2/3/2565 0:00,18.sB+,ส่งเเล้ว
750697348,13/9/2565,16.sBBB,ส่งเเล้ว
680021623,1/11/2565 0:00,17.sBB,ส่งเเล้ว
7506466634,8/4/2565 0:00,17.sBB,ส่งเเล้ว
750907971,22/12/2565,15.sA+,ส่งเเล้ว
380001771,19/11/2565,17.sBB,ส่งเเล้ว
750908884,25/4/2565,7.CCC,ส่งเเล้ว
750841018,27/7/2565,6.B+,ส่งเเล้ว
750807612,2/1/2565 0:00,17.sBB,ส่งเเล้ว
610002906,24/12/2565,17.sBB,ส่งเเล้ว
680012443,24/12/2565,17.sBB,ส่งเเล้ว
750690590,15/12/2565,17.sBB,ส่งเเล้ว
750919662,8/3/2565 0:00,18.sB+,ส่งเเล้ว
750764865,29/3/2565,16.sBBB,ส่งเเล้ว
550003946,8/5/2565 0:00,17.sBB,ส่งเเล้ว
750851658,24/5/2565,21.sC+,ส่งเเล้ว
750645715,1/11/2566 0:00,15.sA+,ส่งเเล้ว
750842362,21/11/256,18.sB+,ส่งเเล้ว
750871952,21/11/2566,19.sCCC,ส่งเเล้ว
750757612,22/11/2566,19.sCCC,ส่งเเล้ว
520000821,20/11/2566,18.sB+,ส่งเเล้ว
750845939,22/11/2566,17.sBB,ส่งเเล้ว
750805721,22/11/2566,18.sB+,ส่งเเล้ว
750588429,22/11/2566,20.sCC,ส่งเเล้ว
750805685,22/11/2566,16.sBBB,ส่งเเล้ว
680028237,22/11/2566,17.sBB,ส่งเเล้ว
750485878,23/11/2565,17.sBB,ส่งเเล้ว
680005795,22/11/2566,20.sCC,ส่งเเล้ว
750366261,20/11/2566,21.sC+,ส่งเเล้ว
750344427,22/11/2566,18.sB+,ส่งเเล้ว
750382929,20/11/2566,19.sCCC,ส่งเเล้ว
750933840,19/4/2565,6.B+,ส่งเเล้ว
750895347,28/9/2565,18.sB+,ส่งเเล้ว
750304787,23/11/2565,21.sC+,ส่งเเล้ว
750753701,12/6/2565 0:00,19.sCCC,ส่งเเล้ว
580000857,22/11/2566,18.sB+,ส่งเเล้ว
640000026,5/10/2565 0:00,16.sBBB,ส่งเเล้ว
681019514,23/11/2566,19.sCCC,ส่งเเล้ว
750696409,23/11/2566,17.sBB,ส่งเเล้ว
750765867,21/11/2566,19.sCCC,ส่งเเล้ว
750813136,22/11/2566,17.sBB,ส่งเเล้ว
750907932,23/11/2566,19.sCCC,ส่งเเล้ว
680015051,21/11/2566,18.sB+,ส่งเเล้ว
750839360,20/11/2566,19.sCCC,ส่งเเล้ว
750935706,3/11/2565 0:00,19.sCCC,ส่งเเล้ว
750921746,5/10/2565 0:00,21.sC+,ส่งเเล้ว
750761041,23/2/2565,16.sBBB,ส่งเเล้ว
750812231,19/4/2565,15.sA+,ส่งเเล้ว
750642364,15/11/2564,17.sBB,ส่งเเล้ว
360002322,31/3/2565,21.sC+,ส่งเเล้ว
610025253,13/6/2565,7.CCC,ส่งเเล้ว
680028269,18/1/2565,17.sBB,ส่งเเล้ว
750758130,15/11/2565,19.sCCC,ส่งเเล้ว
750958442,8/3/2565 0:00,16.sBBB,ส่งเเล้ว
750904883,8/3/2565 0:00,21.sC+,ส่งเเล้ว
750865915,9/7/2565 0:00,16.sBBB,ส่งเเล้ว
730015390,5/12/2565 0:00,18.sB+,ส่งเเล้ว
750254908,8/1/2565 0:00,17.sBB,ส่งเเล้ว
750457513,11/1/2565 0:00,18.sB+,ส่งเเล้ว
380004866,27/12/2565,17.sBB,ส่งเเล้ว
750651551,30/6/2565,16.sBBB,ส่งเเล้ว
750709570,16/6/2565,17.sBB,ส่งเเล้ว
750572698,15/11/2564,17.sBB,ส่งเเล้ว
750746468,9/7/2565 0:00,20.sCC,ส่งเเล้ว
750799465,24/1/2565,16.sBBB,ส่งเเล้ว
750901234,22/11/2565,17.sBB,ส่งเเล้ว
750764562,29/3/2565,18.sB+,ส่งเเล้ว
750924253,23/11/2565,17.sBB,ส่งเเล้ว
750747181,6/1/2565 0:00,16.sBBB,ส่งเเล้ว
380000938,15/6/2565 0:00,5.BB,ส่งเเล้ว
750798220,242896,10.DDD,ส่งเเล้ว
750769764,11-ส.ค.-65,10.DDD,ส่งเเล้ว
750794184,242986,7.CCC,ส่งเเล้ว
750854232,242923,8.CC,ส่งเเล้ว
750794593,243134,7.CCC,ส่งเเล้ว
380002624,242982,4.BBB,ส่งเเล้ว
750894182,242982,8.CC,ส่งเเล้ว
750766732,243137,7.CCC,ส่งเเล้ว
750765821,243200,8.CC,ส่งเเล้ว
750800525,243200,4.BBB,ส่งเเล้ว
380000938,243078,5.BB,ส่งเเล้ว
750905135,243109,6.B+,ส่งเเล้ว
540002759,243102,6.B+,ส่งเเล้ว
750902516,243195,8.CC,ส่งเเล้ว
750902516,242952,8.CC,ส่งเเล้ว
nan,243137,5.BB,ส่งเเล้ว
750905127,243048,8.CC,ส่งเเล้ว
750708445,243040,6.B+,ส่งเเล้ว
750923707,243055,3.A+,ส่งเเล้ว
750805168,243083,6.B+,ส่งเเล้ว
750897863,243083,4.BBB,ส่งเเล้ว
680011941,243053,10.DDD,ส่งเเล้ว
750792562,243227,4.BBB,ส่งเเล้ว
nan,243066,4.BBB,ส่งเเล้ว
750271193,243229,8.CC,ส่งเเล้ว
nan,243124,4.BBB,ส่งเเล้ว
490001117,242927,9.C+,ส่งเเล้ว
750925051,243169,8.CC,ส่งเเล้ว
nan,242958,3.A+,ส่งเเล้ว
750363096,243111,3.A+,ส่งเเล้ว
nan,242900,9.C+,ส่งเเล้ว
750293549,243168,5.BB,ส่งเเล้ว
630010083,12-เม.ย.-65,8.CC,ส่งเเล้ว
750314936,243007,10.DDD,ส่งเเล้ว
750897984,23/1/2566,5.BB,ส่งเเล้ว
480003207,243067,10.DDD,ส่งเเล้ว
750900842,242925,7.CCC,ส่งเเล้ว
nan,243117,6.B+,ส่งเเล้ว
750903011,242955,8.CC,ส่งเเล้ว
750900842,243139,7.CCC,ส่งเเล้ว
nan,242895,9.C+,ส่งเเล้ว
750245930,243102,10.DDD,ส่งเเล้ว
nan,243163,8.CC,ส่งเเล้ว
730046386,243194,10.DDD,ส่งเเล้ว
550005508,242921,9.C+,ส่งเเล้ว
nan,242955,9.C+,ส่งเเล้ว
750662106,243164,10.DDD,ส่งเเล้ว
750722644,243195,10.DDD,ส่งเเล้ว
750697586,242951,11.DD,ส่งเเล้ว
750847672,243013,10.DDD,ส่งเเล้ว
750326504,242952,9.C+,ส่งเเล้ว
750326504,243137,9.C+,ส่งเเล้ว
750847672,242958,10.DDD,ส่งเเล้ว
750398494,243047,8.CC,ส่งเเล้ว
750792563,243045,9.C+,ส่งเเล้ว
nan,243047,6.B+,ส่งเเล้ว
750080392,243195,6.B+,ส่งเเล้ว
750792563,243084,9.C+,ส่งเเล้ว
nan,243169,6.B+,ส่งเเล้ว
750424388,243203,7.CCC,ส่งเเล้ว
540004054,19/12/2565,9.C+,ส่งเเล้ว
750703242,243133,20.sCC,ส่งเเล้ว
750897008,242920,20.sCC,ส่งเเล้ว
750852910,242929,21.sC+,ส่งเเล้ว
750676263,243163,21.sC+,ส่งเเล้ว
750241764,242949,19.sCCC,ส่งเเล้ว
nan,243195,19.sCCC,ส่งเเล้ว
750719541,242950,20.sCC,ส่งเเล้ว
730003238,243072,22.sDDD,ส่งเเล้ว
750438636,243072,21.sC+,ส่งเเล้ว
670007676,242923,20.sCC,ส่งเเล้ว
750776262,242958,21.sC+,ส่งเเล้ว
750820722,243104,17.sBB,ส่งเเล้ว
750769899,243164,21.sC+,ส่งเเล้ว
750793460,243073,20.sCC,ส่งเเล้ว
730013517,243166,21.sC+,ส่งเเล้ว
730013516,243227,21.sC+,ส่งเเล้ว
730013487,242952,18.sB+,ส่งเเล้ว
610008276,243044,21.sC+,ส่งเเล้ว
750708633,243227,19.sCCC,ส่งเเล้ว
610008283,243227,19.sCCC,ส่งเเล้ว
540001248,243227,19.sCCC,ส่งเเล้ว
480602348,243166,20.sCC,ส่งเเล้ว
730003994,243020,20.sCC,ส่งเเล้ว
670005617,243075,21.sC+,ส่งเเล้ว
610006195,243013,19.sCCC,ส่งเเล้ว
750719541,243075,20.sCC,ส่งเเล้ว
480002815,243075,19.sCCC,ส่งเเล้ว
730035980,243056,15.sA+,ส่งเเล้ว
680001860,243070,15.sA+,ส่งเเล้ว
730003994,242896,19.sCCC,ส่งเเล้ว
750923411,243016,21.sC+,ส่งเเล้ว
781039630,243139,18.sB+,ส่งเเล้ว
750709392,243087,20.sCC,ส่งเเล้ว
750761041,242942,16.sBBB,ส่งเเล้ว
750169877,243105,16.sBBB,ส่งเเล้ว
nan,243143,17.sBB,ส่งเเล้ว
nan,243231,17.sBB,ส่งเเล้ว
750670453,243142,19.sCCC,ส่งเเล้ว
750703242,243112,18.sB+,ส่งเเล้ว
750820722,243051,18.sB+,ส่งเเล้ว
750674381,243143,21.sC+,ส่งเเล้ว
650000643,243051,20.sCC,ส่งเเล้ว
750749689,242900,19.sCCC,ส่งเเล้ว
380004866,1/5/2565 0:00,16.sBBB,ส่งเเล้ว
670014180,242921,20.sCC,ส่งเเล้ว
730014293,242926,16.sBBB,ส่งเเล้ว
nan,243133,19.sCCC,ส่งเเล้ว
620003014,242891,18.sB+,ส่งเเล้ว
750932611,243133,20.sCC,ส่งเเล้ว
630004832,243223,19.sCCC,ส่งเเล้ว
750931109,243102,18.sB+,ส่งเเล้ว
750346461,243195,17.sBB,ส่งเเล้ว
310001363,242956,17.sBB,ส่งเเล้ว
550002535,243195,16.sBBB,ส่งเเล้ว
590000927,242956,20.sCC,ส่งเเล้ว
670003558,243072,15.sA+,ส่งเเล้ว
620001500,242982,18.sB+,ส่งเเล้ว
nan,17/3/2565,20.sCC,ส่งเเล้ว
750157420,243226,18.sB+,ส่งเเล้ว
750217928,243017,20.sCC,ส่งเเล้ว
550001975,243020,19.sCCC,ส่งเเล้ว
730013476,243044,20.sCC,ส่งเเล้ว
750252585,243197,17.sBB,ส่งเเล้ว
750931504,243197,19.sCCC,ส่งเเล้ว
610024791,243197,17.sBB,ส่งเเล้ว
500000116,243197,22.sDDD,ส่งเเล้ว
730038524,243166,19.sCCC,ส่งเเล้ว
750910726,243166,16.sBBB,ส่งเเล้ว
750234856,243013,17.sBB,ส่งเเล้ว
750562727,242894,17.sBB,ส่งเเล้ว
750449121,243106,17.sBB,ส่งเเล้ว
750912432,243106,16.sBBB,ส่งเเล้ว
750552285,243075,15.sA+,ส่งเเล้ว
750838432,243137,20.sCC,ส่งเเล้ว
750388890,243106,17.sBB,ส่งเเล้ว
690001410,243045,18.sB+,ส่งเเล้ว
750442921,243167,21.sC+,ส่งเเล้ว
750854561,243075,18.sB+,ส่งเเล้ว
750431517,242925,21.sC+,ส่งเเล้ว
750717549,242925,17.sBB,ส่งเเล้ว
610007241,243137,21.sC+,ส่งเเล้ว
380004866,17/6/2565,18.sB+,ส่งเเล้ว
nan,243077,19.sCCC,ส่งเเล้ว
nan,243069,19.sCCC,ส่งเเล้ว
750326494,243074,16.sBBB,ส่งเเล้ว
750862034,243045,20.sCC,ส่งเเล้ว
540001844,243088,20.sCC,ส่งเเล้ว
610008392,243073,17.sBB,ส่งเเล้ว
610001552,243080,16.sBBB,ส่งเเล้ว
750375083,243077,19.sCCC,ส่งเเล้ว
nan,243081,17.sBB,ส่งเเล้ว
nan,243067,18.sB+,ส่งเเล้ว
nan,243074,19.sCCC,ส่งเเล้ว
680007661,243084,16.sBBB,ส่งเเล้ว
530004019,243066,15.sA+,ส่งเเล้ว
680010808,243083,17.sBB,ส่งเเล้ว
670003587,243077,15.sA+,ส่งเเล้ว
680011918,243069,16.sBBB,ส่งเเล้ว
680015550,243102,17.sBB,ส่งเเล้ว
610006490,243069,15.sA+,ส่งเเล้ว
330000519,243101,15.sA+,ส่งเเล้ว
750735539,243052,16.sBBB,ส่งเเล้ว
740000955,243073,17.sBB,ส่งเเล้ว
740001150,243073,17.sBB,ส่งเเล้ว
nan,242955,16.sBBB,ส่งเเล้ว
750289737,242927,19.sCCC,ส่งเเล้ว
750886588,242896,16.sBBB,ส่งเเล้ว
nan,242955,21.sC+,ส่งเเล้ว
750795156,243108,17.sBB,ส่งเเล้ว
730017532,242955,19.sCCC,ส่งเเล้ว
750790143,243139,16.sBBB,ส่งเเล้ว
610001474,243016,17.sBB,ส่งเเล้ว
nan,243169,20.sCC,ส่งเเล้ว
750909204,242896,16.sBBB,ส่งเเล้ว
610007241,242955,17.sBB,ส่งเเล้ว
750097208,243200,17.sBB,ส่งเเล้ว
750862034,243108,20.sCC,ส่งเเล้ว
nan,243108,18.sB+,ส่งเเล้ว
750865093,18/8/2565,17.sBB,ส่งเเล้ว
670017029,243123,15.sA+,ส่งเเล้ว
590000605,243122,15.sA+,ส่งเเล้ว
750102228,243110,18.sB+,ส่งเเล้ว
750886925,243090,16.sBBB,ส่งเเล้ว
610001199,243115,15.sA+,ส่งเเล้ว
750283546,243115,16.sBBB,ส่งเเล้ว
630002489,243116,15.sA+,ส่งเเล้ว
680013560,243017,15.sA+,ส่งเเล้ว
730002320,243095,15.sA+,ส่งเเล้ว
610005293,243123,15.sA+,ส่งเเล้ว
750307831,243117,16.sBBB,ส่งเเล้ว
730010101,243112,17.sBB,ส่งเเล้ว
610002728,243095,17.sBB,ส่งเเล้ว
680003180,243095,15.sA+,ส่งเเล้ว
480000611,243101,18.sB+,ส่งเเล้ว
610007241,243103,17.sBB,ส่งเเล้ว
310002940,243032,15.sA+,ส่งเเล้ว
730014293,243033,16.sBBB,ส่งเเล้ว
630002600,243040,15.sA+,ส่งเเล้ว
750914073,243061,15.sA+,ส่งเเล้ว
610021203,243033,15.sA+,ส่งเเล้ว
610001796,243039,17.sBB,ส่งเเล้ว
610012144,243054,16.sBBB,ส่งเเล้ว
750441945,243048,17.sBB,ส่งเเล้ว
nan,243056,16.sBBB,ส่งเเล้ว
nan,243035,18.sB+,ส่งเเล้ว
750275389,242898,17.sBB,ส่งเเล้ว
750764974,242968,16.sBBB,ส่งเเล้ว
580002321,242965,17.sBB,ส่งเเล้ว
550000757,242943,15.sA+,ส่งเเล้ว
nan,242936,17.sBB,ส่งเเล้ว
310011120,242957,16.sBBB,ส่งเเล้ว
750185563,242948,15.sA+,ส่งเเล้ว
610018730,242955,15.sA+,ส่งเเล้ว
730013484,242949,16.sBBB,ส่งเเล้ว
610024797,242977,15.sA+,ส่งเเล้ว
570000149,242977,15.sA+,ส่งเเล้ว
750086219,242977,17.sBB,ส่งเเล้ว
530006442,242975,18.sB+,ส่งเเล้ว
730015329,242964,16.sBBB,ส่งเเล้ว
320000378,242972,17.sBB,ส่งเเล้ว
540000299,242957,15.sA+,ส่งเเล้ว
750445970,242901,19.sCCC,ส่งเเล้ว
550001975,242900,17.sBB,ส่งเเล้ว
610022591,242923,17.sBB,ส่งเเล้ว
610007907,242895,17.sBB,ส่งเเล้ว
750092730,242891,16.sBBB,ส่งเเล้ว
710001598,242908,15.sA+,ส่งเเล้ว
750421967,242893,16.sBBB,ส่งเเล้ว
610001474,242909,16.sBBB,ส่งเเล้ว
360004272,242913,15.sA+,ส่งเเล้ว
760161763,242893,15.sA+,ส่งเเล้ว
620002966,242914,16.sBBB,ส่งเเล้ว
730014012,242914,16.sBBB,ส่งเเล้ว
670005095,242929,16.sBBB,ส่งเเล้ว
670000864,242926,17.sBB,ส่งเเล้ว
730022046,242922,17.sBB,ส่งเเล้ว
610012030,242933,16.sBBB,ส่งเเล้ว
360000916,242921,15.sA+,ส่งเเล้ว
670000960,242916,15.sA+,ส่งเเล้ว
310003026,242940,16.sBBB,ส่งเเล้ว
750907554,242927,16.sBBB,ส่งเเล้ว
730008403,242901,17.sBB,ส่งเเล้ว
680017576,243109,17.sBB,ส่งเเล้ว
730019503,243048,16.sBBB,ส่งเเล้ว
680018969,243017,17.sBB,ส่งเเล้ว
520004795,242928,17.sBB,ส่งเเล้ว
630004734,243109,16.sBBB,ส่งเเล้ว
nan,243078,17.sBB,ส่งเเล้ว
nan,243231,18.sB+,ส่งเเล้ว
nan,242928,17.sBB,ส่งเเล้ว
750797170,243231,16.sBBB,ส่งเเล้ว
750270320,243231,16.sBBB,ส่งเเล้ว
750798475,243048,16.sBBB,ส่งเเล้ว
750602260,242900,18.sB+,ส่งเเล้ว
750324685,243172,19.sCCC,ส่งเเล้ว
750842657,243051,17.sBB,ส่งเเล้ว
75067592,242900,20.sCC,ส่งเเล้ว
750755937,242931,20.sCC,ส่งเเล้ว
710000812,243081,19.sCCC,ส่งเเล้ว
750283624,242931,15.sA+,ส่งเเล้ว
750205256,243143,19.sCCC,ส่งเเล้ว
710810544,11/3/2565 0:00,22.sDDD,ส่งเเล้ว
730031738,28/2/2565,21.sC+,ส่งเเล้ว
750747123,243195,20.sCC,ส่งเเล้ว
530003423,242922,21.sC+,ส่งเเล้ว
680008547,242982,19.sCCC,ส่งเเล้ว
750728591,243164,17.sBB,ส่งเเล้ว
750797944,243073,17.sBB,ส่งเเล้ว
nan,20/4/2565,15.sA+,ส่งเเล้ว
750711560,243226,19.sCCC,ส่งเเล้ว
750894182,242982,18.sB+,ส่งเเล้ว
nan,29/4/2565,16.sBBB,ส่งเเล้ว
510000452,243197,19.sCCC,ส่งเเล้ว
750819755,243166,21.sC+,ส่งเเล้ว
750905839,243136,20.sCC,ส่งเเล้ว
nan,243135,15.sA+,ส่งเเล้ว
750798436,242925,16.sBBB,ส่งเเล้ว
nan,23/5/2565,16.sBBB,ส่งเเล้ว
750812560,242925,22.sDDD,ส่งเเล้ว
nan,20/6/2565,19.sCCC,ส่งเเล้ว
750908595,243167,16.sBBB,ส่งเเล้ว
540003710,242925,15.sA+,ส่งเเล้ว
540001262,243015,17.sBB,ส่งเเล้ว
nan,243015,21.sC+,ส่งเเล้ว
590001088,243087,17.sBB,ส่งเเล้ว
750590121,243080,18.sB+,ส่งเเล้ว
750741071,242927,19.sCCC,ส่งเเล้ว
750934139,242986,16.sBBB,ส่งเเล้ว
nan,243199,18.sB+,ส่งเเล้ว
750739745,243200,20.sCC,ส่งเเล้ว
750723233,242986,22.sDDD,ส่งเเล้ว
750856473,243108,20.sCC,ส่งเเล้ว
750929545,243016,18.sB+,ส่งเเล้ว
nan,243003,18.sB+,ส่งเเล้ว
750805203,242916,18.sB+,ส่งเเล้ว
750700734,242913,18.sB+,ส่งเเล้ว
670001877,242915,20.sCC,ส่งเเล้ว
750817639,242930,16.sBBB,ส่งเเล้ว
610008012,242921,18.sB+,ส่งเเล้ว
390001766,243117,16.sBBB,ส่งเเล้ว
nan,243106,19.sCCC,ส่งเเล้ว
750934530,242969,21.sC+,ส่งเเล้ว
680030356,242969,19.sCCC,ส่งเเล้ว
750406726,242948,15.sA+,ส่งเเล้ว
680009124,242972,21.sC+,ส่งเเล้ว
730018109,242915,14.sAA,ส่งเเล้ว
580013300,242902,20.sCC,ส่งเเล้ว
750070640,242986,21.sC+,ส่งเเล้ว
750540605,242928,16.sBBB,ส่งเเล้ว
750791403,243200,18.sB+,ส่งเเล้ว
510001317,242928,21.sC+,ส่งเเล้ว
750741071,242900,19.sCCC,ส่งเเล้ว
750745683,243081,22.sDDD,ส่งเเล้ว
750560001,243051,19.sCCC,ส่งเเล้ว
750867488,243051,19.sCCC,ส่งเเล้ว
nan,242931,19.sCCC,ส่งเเล้ว
750692413,243143,19.sCCC,ส่งเเล้ว
750708003,243112,14.sAA,ส่งเเล้ว
750905989,30/7/2565,6.B+,ส่งเเล้ว
750707073,4/12/2565 0:00,16.sBBB,ส่งเเล้ว
750772621,24/6/2565,18.sB+,ส่งเเล้ว
550002424,28/4/2565,16.sBBB,ส่งเเล้ว
750646634,8/4/2565 0:00,17.sBB,ส่งเเล้ว
680019514,23/11/2566,19.sCCC,ส่งเเล้ว
750699489,24/11/2566,16.sBBB,ส่งเเล้ว
750723958,8/3/2565 0:00,18.sB+,ส่งเเล้ว
510001299,24/11/2566,20.sCC,ส่งเเล้ว
310002385,17/5/2565,18.sB+,ส่งเเล้ว
750130166,17/11/2565,21.sC+,ส่งเเล้ว
750389379,22/11/2566,18.sB+,ส่งเเล้ว
750808964,21/11/2566,19.sCCC,ส่งเเล้ว
750814644,24/11/2566,16.sBBB,ส่งเเล้ว
750868182,21/11/2566,19.sCCC,ส่งเเล้ว
750906070,21/11/2566,17.sBB,ส่งเเล้ว
750931310,22/11/2566,19.sCCC,ส่งเเล้ว
580002468,24/11/2566,20.sCC,ส่งเเล้ว
730008896,23/11/2566,19.sCCC,ส่งเเล้ว
750899609,24/11/2566,17.sBB,ส่งเเล้ว
750752598,23/11/2566,17.sBB,ส่งเเล้ว
750669565,23/11/2566,17.sBB,ส่งเเล้ว
530006714,21/11/2566,20.sCC,ส่งเเล้ว
750865977,21/11/2566,19.sCCC,ส่งเเล้ว
750905378,18/4/2565,19.sCCC,ส่งเเล้ว
750897789,24/11/2566,18.sB+,ส่งเเล้ว
750692134,24/11/2566,17.sBB,ส่งเเล้ว
750225406,24/11/2566,17.sBB,ส่งเเล้ว
750924248,24/11/2566,18.sB+,ส่งเเล้ว
750794593,25/10/2565 0:00,7.CCC,ส่งเเล้ว
750434909,18/4/2565 0:00,5.BB,ส่งเเล้ว
750434909,10/11/2565 0:00,5.BB,ส่งเเล้ว
750933349,1/10/2565 0:00,9.C+,ส่งเเล้ว
750363096,8/11/2565 0:00,3.A+,ส่งเเล้ว
750907973,26/9/2565 0:00,7.CCC,ส่งเเล้ว
750801290,18/10/2565 0:00,6.B+,ส่งเเล้ว
750801933,18/10/2565 0:00,9.C+,ส่งเเล้ว
750747741,22/9/2565 0:00,6.B+,ส่งเเล้ว
750961820,15/9/2565 0:00,5.BB,ส่งเเล้ว
380007660,27/10/2565 0:00,5.BB,ส่งเเล้ว
750671692,14/6/2565 0:00,6.B+,ส่งเเล้ว
nan,18/2/2565 0:00,6.B+,ส่งเเล้ว
750873219,23/9/2565 0:00,6.B+,ส่งเเล้ว
nan,21/12/2564 0:00,18.sB+,ส่งเเล้ว
380004172,23/9/2565 0:00,19.sCCC,ส่งเเล้ว
750817734,19/12/2565 0:00,17.sBB,ส่งเเล้ว
750421742,2/3/2565 0:00,17.sBB,ส่งเเล้ว
750687431,14/12/2565 0:00,18.sB+,ส่งเเล้ว
750647721,26/10/2565 0:00,19.sCCC,ส่งเเล้ว
750428998,26/10/2565 0:00,18.sB+,ส่งเเล้ว
750677912,30/6/2565 0:00,17.sBB,ส่งเเล้ว
750903735,14/2/2565 0:00,19.sCCC,ส่งเเล้ว
750562727,6/6/2565 0:00,17.sBB,ส่งเเล้ว
750946371,30/5/2565,18.sB+,ส่งเเล้ว
750958850,13/6/2565,17.sBB,ส่งเเล้ว
750949496,8/7/2565 0:00,19.sCCC,ส่งเเล้ว
750958850,13/6/2565 0:00,17.sBB,ส่งเเล้ว
750909204,1/8/2565 0:00,16.sBBB,ส่งเเล้ว
750964344,27/9/2565 0:00,16.sBBB,ส่งเเล้ว
750964276,7/9/2565 0:00,17.sBB,ส่งเเล้ว
750747938,16/9/2565 0:00,20.sCC,ส่งเเล้ว
750747941,16/9/2565 0:00,18.sB+,ส่งเเล้ว
750812922,18/4/2565 0:00,15.sA+,ส่งเเล้ว
750906730,15/2/2565 0:00,19.sCCC,ส่งเเล้ว
750889221,21/7/2565 0:00,21.sC+,ส่งเเล้ว
750545889,28/11/2565 0:00,17.sBB,ส่งเเล้ว
750097991,28/2/2565 0:00,16.sBBB,ส่งเเล้ว
610004302,31/1/2566 0:00,20.sCC,ส่งเเล้ว
680004084,17/11/2565 0:00,16.sBBB,ส่งเเล้ว
680041844,23/9/2565 0:00,17.sBB,ส่งเเล้ว
750003910,23/9/2565 0:00,20.sCC,ส่งเเล้ว
750689517,10/10/2565 0:00,18.sB+,ส่งเเล้ว
530005771,15/9/2565 0:00,16.sBBB,ส่งเเล้ว
530005771,13/12/2564 0:00,18.sB+,ส่งเเล้ว
75526533,24/1/2565 0:00,17.sBB,ส่งเเล้ว
750465352,18/2/2565 0:00,17.sBB,ส่งเเล้ว
750906759,10/3/2565 0:00,17.sBB,ส่งเเล้ว
750595971,17/5/2565 0:00,15.sA+,ส่งเเล้ว
750451702,28/12/2565 0:00,17.sBB,ส่งเเล้ว
750397716,28/6/2565 0:00,17.sBB,ส่งเเล้ว
750602260,1/12/2565 0:00,18.sB+,ส่งเเล้ว
750797278,20/9/2565 0:00,19.sCCC,ส่งเเล้ว
750894559,27/4/2565 0:00,18.sB+,ส่งเเล้ว
750917636,10/1/2566 0:00,19.sCCC,ส่งเเล้ว
750013796,29/12/2565 0:00,17.sBB,ส่งเเล้ว
750013615,2/2/2565 0:00,16.sBBB,ส่งเเล้ว
750569124,14/3/2565 0:00,17.sBB,ส่งเเล้ว
750379084,9/3/2565 0:00,18.sB+,ส่งเเล้ว
750797346,1/11/2565 0:00,15.sA+,ส่งเเล้ว
750797980,31/10/2565 0:00,16.sBBB,ส่งเเล้ว
750457808,25/4/2565 0:00,18.sB+,ส่งเเล้ว
750852039,8/4/2565 0:00,16.sBBB,ส่งเเล้ว
750721106,1/8/2565 0:00,19.sCCC,ส่งเเล้ว
750777024,21/7/2565 0:00,16.sBBB,ส่งเเล้ว
750752867,25/11/2565 0:00,18.sB+,ส่งเเล้ว
750232917,3/11/2565 0:00,16.sBBB,ส่งเเล้ว
750455320,17/10/2565 0:00,3.A+,ส่งเเล้ว
750515631,18/4/2565 0:00,16.sBBB,ส่งเเล้ว
750796702,15/12/2565 0:00,18.sB+,ส่งเเล้ว
750912452,12/7/2565 0:00,17.sBB,ส่งเเล้ว
750520162,26/8/2565 0:00,20.sCC,ส่งเเล้ว
750908595,26/5/2565 0:00,16.sBBB,ส่งเเล้ว
750102024,27/4/2565 0:00,18.sB+,ส่งเเล้ว
750745683,7/12/2565 0:00,22.sDDD,ส่งเเล้ว
750867488,6/12/2565 0:00,19.sCCC,ส่งเเล้ว
750965953,18/11/2565,21.sC+,ส่งเเล้ว
750937826,20/6/2566 0:00,19.sCCC,ส่งเเล้ว
750937826,27/6/2565 0:00,18.sB+,ส่งเเล้ว
490000441,4/11/2565 0:00,18.sB+,ส่งเเล้ว
750461592,18/11/2565 0:00,17.sBB,ส่งเเล้ว
550003924,10/5/2565 0:00,17.sBB,ส่งเเล้ว
nan,14/9/2565 0:00,18.sB+,ส่งเเล้ว
nan,14/9/2565 0:00,17.sBB,ส่งเเล้ว
750897873,2/11/2565 0:00,17.sBB,ส่งเเล้ว
750903679,25/1/2565 0:00,20.sCC,ส่งเเล้ว
750964443,21/9/2565 0:00,18.sB+,ส่งเเล้ว
750086116,19/4/2565 0:00,17.sBB,ส่งเเล้ว
750381930,7/4/2565 0:00,18.sB+,ส่งเเล้ว
750406877,4/11/2565 0:00,21.sC+,ส่งเเล้ว
750419144,19/12/2565 0:00,19.sCCC,ส่งเเล้ว
750929545,5/8/2565 0:00,18.sB+,ส่งเเล้ว
750748648,19/10/2565 0:00,17.sBB,ส่งเเล้ว
750771281,5/9/2565 0:00,17.sBB,ส่งเเล้ว
680034907,15/7/2565 0:00,18.sB+,ส่งเเล้ว
750797871,1/11/2565 0:00,9.C+,ส่งเเล้ว
750803774,3/2/2565 0:00,5.BB,ส่งเเล้ว
750961045,15/9/2565,6.B+,ส่งเเล้ว
750930488,23/11/2566 0:00,18.sB+,ส่งเเล้ว
750851563,24/1/2565 0:00,20.sCC,ส่งเเล้ว
750851567,24/1/2565 0:00,20.sCC,ส่งเเล้ว
750901574,23/3/2565,17.sBB,ส่งเเล้ว
670005427,23/5/2565,16.sBBB,ส่งเเล้ว
750853013,23/5/2565,16.sBBB,ส่งเเล้ว
750950520,29/4/2565,15.sA+,ส่งเเล้ว
750798475,6/9/2565 0:00,16.sBBB,ส่งเเล้ว
750952944,5/7/2565 0:00,19.sCCC,ส่งเเล้ว
750013796,23/11/2566 0:00,17.sBB,ส่งเเล้ว
750864548,6/9/2565 0:00,16.sBBB,ส่งเเล้ว
750721551,29/9/2565 0:00,17.sBB,ส่งเเล้ว
750582778,25/11/2565 0:00,16.sBBB,ส่งเเล้ว
750962047,14/9/2565 0:00,18.sB+,ส่งเเล้ว
750962051,14/9/2565 0:00,17.sBB,ส่งเเล้ว
750920754,26/10/2565 0:00,18.sB+,ส่งเเล้ว
750917848,4/10/2565 0:00,20.sCC,ส่งเเล้ว
750769764,243200,10.DDD,ส่งเเล้ว
750394788,26/7/2565,8.CC,ส่งเเล้ว
730016502,6/6/2565 0:00,6.B+,ส่งเเล้ว
750346699,29/4/2565,9.C+,ส่งเเล้ว
750800923,242921,3.A+,ส่งเเล้ว
750346149,242891,8.CC,ส่งเเล้ว
380003509,242891,9.C+,ส่งเเล้ว
nan,27/6/2565,4.BBB,ส่งเเล้ว
750956610,8/4/2565 0:00,4.BBB,ส่งเเล้ว
750810015,2/11/2565 0:00,4.BBB,ส่งเเล้ว
630010083,243226,8.CC,ส่งเเล้ว
550005314,27/10/2565,5.BB,ส่งเเล้ว
750845133,27/10/2565,4.BBB,ส่งเเล้ว
750716560,9/7/2565 0:00,9.C+,ส่งเเล้ว
750722644,25/5/2565,10.DDD,ส่งเเล้ว
730046386,2/11/2565 0:00,10.DDD,ส่งเเล้ว
750662105,20/5/2565,10.DDD,ส่งเเล้ว
680026953,5/10/2565 0:00,9.C+,ส่งเเล้ว
750804849,243045,6.B+,ส่งเเล้ว
750823818,17/3/2565,6.B+,ส่งเเล้ว
750762025,243136,8.CC,ส่งเเล้ว
730007522,242930,6.B+,ส่งเเล้ว
750602275,242930,5.BB,ส่งเเล้ว
750696767,27/10/2565,8.CC,ส่งเเล้ว
750909091,26/4/2565,5.BB,ส่งเเล้ว
680008224,30/11/2565,7.CCC,ส่งเเล้ว
730012564,11/9/2565 0:00,6.B+,ส่งเเล้ว
750382531,25/11/2565,4.BBB,ส่งเเล้ว
750810643,15/6/2565,6.B+,ส่งเเล้ว
750847917,28/12/2565,17.sBB,ส่งเเล้ว
750479968,21/12/2565,17.sBB,ส่งเเล้ว
I630400,19/12/2565,17.sBB,ส่งเเล้ว
I630400,28/12/2565,6.B+,ส่งเเล้ว
750804022,21/12/2565,17.sBB,ส่งเเล้ว
550005097,26/12/2565,17.sBB,ส่งเเล้ว
750480852,26/12/2565,17.sBB,ส่งเเล้ว
710001992,12/8/2565 0:00,19.sCCC,ส่งเเล้ว
740001222,24/11/2565,15.sA+,ส่งเเล้ว
730006879,4/8/2565 0:00,16.sBBB,ส่งเเล้ว
490000217,27/5/2565,16.sBBB,ส่งเเล้ว
750709169,18/7/2565,20.sCC,ส่งเเล้ว
730013487,28/12/2565,17.sBB,ส่งเเล้ว
530001708,15/8/2565,6.B+,ส่งเเล้ว
730023103,30/12/2565,17.sBB,ส่งเเล้ว
550001975,1/12/2565 0:00,17.sBB,ส่งเเล้ว
590000929,27/12/2565,17.sBB,ส่งเเล้ว
730003994,26/4/2565,15.sA+,ส่งเเล้ว
750848189,15/12/2565,18.sB+,ส่งเเล้ว
750483399,28/12/2565,17.sBB,ส่งเเล้ว
750555144,27/12/2565,16.sBBB,ส่งเเล้ว
750670453,4/5/2565 0:00,17.sBB,ส่งเเล้ว
750622105,4/5/2565 0:00,18.sB+,ส่งเเล้ว
750141494,4/5/2565 0:00,18.sB+,ส่งเเล้ว
310003929,26/12/2565,20.sCC,ส่งเเล้ว
310001504,11/10/2565 0:00,16.sBBB,ส่งเเล้ว
630003100,18/8/2565,19.sCCC,ส่งเเล้ว
750709134,27/12/2565,18.sB+,ส่งเเล้ว
750848904,26/12/2565,21.sC+,ส่งเเล้ว
750896969,19/12/2565,17.sBB,ส่งเเล้ว
730002463,18/8/2565,16.sBBB,ส่งเเล้ว
730003802,11/1/2565 0:00,17.sBB,ส่งเเล้ว
750930482,11/11/2565 0:00,17.sBB,ส่งเเล้ว
75061547,25/4/2565,15.sA+,ส่งเเล้ว
520000209,23/6/2565,sBB,ส่งเเล้ว
530003567,31/5/2565,16.sBBB,ส่งเเล้ว
540001870,10/3/2565 0:00,sBBB,ส่งเเล้ว
580002785,28/11/2565,18.sB+,ส่งเเล้ว
610003675,2/12/2565 0:00,sBB,ส่งเเล้ว
620001637,23/1/2565 0:00,sBB,ส่งเเล้ว
670000829,11/9/2565 0:00,sA+,ส่งเเล้ว
680002732,20/7/2565 0:00,sBBB,ส่งเเล้ว
680021729,5/7/2565 0:00,18.sB+,ส่งเเล้ว
680033126,15/8/2565,16.sBBB,ส่งเเล้ว
510000449,29/5/2565,15.sA+,ส่งเเล้ว
610001370,22/12/2565,1.AAA,ส่งเเล้ว
670000672,15/11/2565,16.sBBB,ส่งเเล้ว
670003662,28/4/2565,15.sA+,ส่งเเล้ว
670004422,19/9/2565,19.sCCC,ส่งเเล้ว
670008348,14/11/2565,18.sB+,ส่งเเล้ว
680001413,20/1/2565,18.sB+,ส่งเเล้ว
710001308,5/10/2565 0:00,sCCC,ส่งเเล้ว
750896232,21/10/2564,18.sB+,ส่งเเล้ว
730035980,21/6/2565,18.sB+,ส่งเเล้ว
750097208,22/5/2565,16.sBBB,ส่งเเล้ว
750936579,27/4/2565,19.sCCC,ส่งเเล้ว
750552285,30/6/2565,15.sA+,ส่งเเล้ว
750946902,30/5/2565,15.sA+,ส่งเเล้ว
750265163,13/6/2565,18.sB+,ส่งเเล้ว
750949263,30/6/2565,17.sBB,ส่งเเล้ว
750951312,30/6/2565,19.sCCC,ส่งเเล้ว
-,28/6/2565,18.sB+,ส่งเเล้ว
680011918,30/6/1966,16.sBBB,ส่งเเล้ว
740001150,7/4/2565 0:00,17.sBB,ส่งเเล้ว
610001199,15/8/2565,15.sA+,ส่งเเล้ว
630002489,16/8/2565,15.sA+,ส่งเเล้ว
730002320,26/7/2565,15.sA+,ส่งเเล้ว
610005293,23/8/2565,15.sA+,ส่งเเล้ว
730010101,26/7/2565,17.sBB,ส่งเเล้ว
610002728,26/7/2565,17.sBB,ส่งเเล้ว
680003180,26/7/2565,15.sA+,ส่งเเล้ว
750092730,1/3/2565 0:00,16.sBBB,ส่งเเล้ว
710810544,242958,22.sDDD,ส่งเเล้ว
750145996,21/9/2565,17.sBB,ส่งเเล้ว
730003443,9/9/2565 0:00,16.sBBB,ส่งเเล้ว
610007017,26/9/2565,16.sBBB,ส่งเเล้ว
520001452,23/9/2565,sBB,ส่งเเล้ว
750750210,9/9/2565 0:00,18.sB+,ส่งเเล้ว
630004087,14/11/2565,16.sBBB,ส่งเเล้ว
620001113,10/5/2565 0:00,16.sBBB,ส่งเเล้ว
750926754,30/9/2565,16.sBBB,ส่งเเล้ว
610000734,11/2/2565 0:00,17.sBB,ส่งเเล้ว
750559514,11/2/2565 0:00,17.sBB,ส่งเเล้ว
680014762,15/9/2565,18.sB+,ส่งเเล้ว
490001111,10/11/2565 0:00,sBB,ส่งเเล้ว
680033160,10/5/2565 0:00,sA+,ส่งเเล้ว
750202663,10/5/2565 0:00,15.sA+,ส่งเเล้ว
750750811,10/10/2565 0:00,sBB,ส่งเเล้ว
710001194,20/10/2565,sBB,ส่งเเล้ว
730007144,28/3/2565,16.sBBB,ส่งเเล้ว
530000715,12/6/2565 0:00,16.sBBB,ส่งเเล้ว
730004426,11/1/2565 0:00,16.sBBB,ส่งเเล้ว
680032910,30/11/2565,16.sBBB,ส่งเเล้ว
750186222,4/7/2565 0:00,17.sBB,ส่งเเล้ว
480001799,19/1/2565,16.sBBB,ส่งเเล้ว
750853073,5/6/2565 0:00,17.sBB,ส่งเเล้ว
310011120,3/10/2565 0:00,16.sBBB,ส่งเเล้ว
750241764,3/2/2565 0:00,19.sCCC,ส่งเเล้ว
480000397,12/2/2565 0:00,17.sBB,ส่งเเล้ว
750657591,31/3/2565,16.sBBB,ส่งเเล้ว
750662824,21/11/2565,18.sB+,ส่งเเล้ว
750662824,22/11/2565,18.sB+,ส่งเเล้ว
570000177,29/11/2565,17.sBB,ส่งเเล้ว
730011853,21/5/2565,16.sBBB,ส่งเเล้ว
730014840,25/4/2565,17.sBB,ส่งเเล้ว
680001860,7/1/2565 0:00,3.A+,ส่งเเล้ว
730013157,29/6/2565,3.A+,ส่งเเล้ว
620001012,27/6/2565,3.A+,ส่งเเล้ว
730035980,17/6/2565,3.A+,ส่งเเล้ว
360004272,25/1/2565,15.sA+,ส่งเเล้ว
560000141,12/8/2565 0:00,15.sA+,ส่งเเล้ว
360001906,12/8/2564 0:00,15.sA+,ส่งเเล้ว
750055943,13/12/2564,17.sBB,ส่งเเล้ว
390001291,12/2/2564 0:00,17.sBB,ส่งเเล้ว
53000443,17/11/2565,15.sA+,ส่งเเล้ว
680013654,24/5/2565,15.sA+,ส่งเเล้ว
730001645,24/12/2564,17.sBB,ส่งเเล้ว
480001531,12/9/2564 0:00,15.sA+,ส่งเเล้ว
750302462,23/23/2565,17.sBB,ส่งเเล้ว
750807668,15/3/2565,17.sBB,ส่งเเล้ว
710001229,24/12/2564,15.sA+,ส่งเเล้ว
670000685,6/9/2565 0:00,15.sA+,ส่งเเล้ว
750852684,27/4/2565,16.sBBB,ส่งเเล้ว
610003028,3/1/2565 0:00,15.sA+,ส่งเเล้ว
670007273,20/5/2565,15.sA+,ส่งเเล้ว
670005662,28/4/2565,15.sA+,ส่งเเล้ว
750256801,4/12/2565 0:00,15.sA+,ส่งเเล้ว
730006813,5/12/2565 0:00,16.sBBB,ส่งเเล้ว
650000488,18/5/2565,16.sBBB,ส่งเเล้ว
390001277,7/4/2565 0:00,15.sA+,ส่งเเล้ว
750185543,22/7/2565,16.sBBB,ส่งเเล้ว
730011604,10/7/2565 0:00,16.sBBB,ส่งเเล้ว
670021515,9/5/2565 0:00,15.sA+,ส่งเเล้ว
530003293,9/9/2565 0:00,17.sBB,ส่งเเล้ว
390001876,10/3/2565 0:00,16.sBBB,ส่งเเล้ว
480002115,9/9/2565 0:00,16.sBBB,ส่งเเล้ว
7300008678,19/9/2565,16.sBBB,ส่งเเล้ว
630001977,26/9/2565,15.sA+,ส่งเเล้ว
750930201,27/9/2565,16.sBBB,ส่งเเล้ว
730022634,10/3/2565 0:00,16.sBBB,ส่งเเล้ว
680033759,16/9/2565,15.sA+,ส่งเเล้ว
680007576,9/9/2565 0:00,16.sBBB,ส่งเเล้ว
630001872,22/9/2565,15.sA+,ส่งเเล้ว
680003035,10/11/2565 0:00,16.sBBB,ส่งเเล้ว
680001353,21/10/2565,16.sBBB,ส่งเเล้ว
730010098,20/10/2565,16.sBBB,ส่งเเล้ว
750929156,10/6/2565 0:00,18.sB+,ส่งเเล้ว
610004985,10/6/2565 0:00,16.sBBB,ส่งเเล้ว
670007301,10/12/2565 0:00,16.sBBB,ส่งเเล้ว
750927234,8/11/2565 0:00,16.sBBB,ส่งเเล้ว
670003806,28/6/2565,18.sB+,ส่งเเล้ว
750405112,22/7/2565,18.sB+,ส่งเเล้ว
730013901,11/8/2565 0:00,17.sBB,ส่งเเล้ว
750793422,27/10/2565,20.sCC,ส่งเเล้ว
730012589,4/11/2565 0:00,17.sBB,ส่งเเล้ว
750842297,10/6/2565 0:00,15.sA+,ส่งเเล้ว
750964393,11/2/2565 0:00,18.sB+,ส่งเเล้ว
330001213,9/9/2565 0:00,16.sBBB,ส่งเเล้ว
750931522,20/12/2565,16.sBBB,ส่งเเล้ว
730001616,28/12/2564,16.sBBB,ส่งเเล้ว
7300008462,15/12/2564,18.sB+,ส่งเเล้ว
730008678,9/9/2565 0:00,16.sBBB,ส่งเเล้ว
730009655,26/10/2565,19.sCCC,ส่งเเล้ว
360008636,3/9/2565 0:00,sBB,ส่งเเล้ว
nan,nan,17.sBB,ส่งเเล้ว
nan,10/3/2565 0:00,18.sB+,ส่งเเล้ว
49002451,22/9/2565,16.sBBB,ส่งเเล้ว
750386769,22/12/2564,18.sB+,ส่งเเล้ว
750016339,21/1/2565,16.sBBB,ส่งเเล้ว
750820157,4/72565,16.sBBB,ส่งเเล้ว
750783156,14/12/2565,19.sCCC,ส่งเเล้ว
750369457,21/1/2565,17.sBB,ส่งเเล้ว
750853852,17/3/2565,20.sCC,ส่งเเล้ว
750884392,22/8/2565,18.sB+,ส่งเเล้ว
750723897,12/1/2565 0:00,19.sCCC,ส่งเเล้ว
750921961,8/2/2565 0:00,17.sBB,ส่งเเล้ว
750929159,11/7/2565 0:00,16.sBBB,ส่งเเล้ว
750884879,18/8/2565,17.sBB,ส่งเเล้ว
680005202,11/11/2565 0:00,16.sBBB,ส่งเเล้ว
750931244,11/3/2565 0:00,19.sCCC,ส่งเเล้ว
750854177,28/3/2565,16.sBBB,ส่งเเล้ว
680037956,10/10/2565 0:00,16.sBBB,ส่งเเล้ว
680012796,31/8/2565,18.sB+,ส่งเเล้ว
750231537,25/4/2565,16.sBBB,ส่งเเล้ว
750422038,22/12/2565,16.sBBB,ส่งเเล้ว
710003554,29/3/2565,16.sBBB,ส่งเเล้ว
750641165,2/10/2565 0:00,20.sCC,ส่งเเล้ว
-,2/9/2565 0:00,19.sCCC,ส่งเเล้ว
680020345,10/10/2565 0:00,19.sCCC,ส่งเเล้ว
680020345,26/8/2565,18.sB+,ส่งเเล้ว
nan,26/8/2565,20.sCC,ส่งเเล้ว
480004992,17/2/2565,18.sB+,ส่งเเล้ว
530009804,11/9/2565 0:00,sA+,ส่งเเล้ว
540001506,16/9/2565 0:00,sBB,ส่งเเล้ว
610008225,2/3/2565 0:00,sB+,ส่งเเล้ว
610012930,22/5/2565,sBB,ส่งเเล้ว
610021220,3/12/2565 0:00,sBB,ส่งเเล้ว
630000874,16/10/2565 0:00,sA+,ส่งเเล้ว
680001353,21/10/2565,1.AAA,ส่งเเล้ว
680032910,22/3/2565,sBB,ส่งเเล้ว
730002463,28/5/2563,17.sBB,ส่งเเล้ว
730002515,8/2/2565 0:00,18.sB+,ส่งเเล้ว
310001363,3/9/2565 0:00,18.sB+,ส่งเเล้ว
360002260,21/5/2565,sBB,ส่งเเล้ว
730020330,5/8/2565 0:00,15.sA+,ส่งเเล้ว
530007077,10/3/2565 0:00,18.sB+,ส่งเเล้ว
550002046,30/5/2565,sB+,ส่งเเล้ว
610002131,27/1/2565,sB+,ส่งเเล้ว
610003767,9/6/2565 0:00,17.sBB,ส่งเเล้ว
610006015,25/5/2565,16.sBBB,ส่งเเล้ว
1755557818,27/5/2565,17.sBB,ส่งเเล้ว
750070173,12/3/2564 0:00,nan,ส่งเเล้ว
750175977,14/12/2564,17.sBB,ส่งเเล้ว
750216776,31/10/2565,16.sBBB,ส่งเเล้ว
750236046,10/2/2565 0:00,17.sBB,ส่งเเล้ว
750945814,17/8/2565,17.sBB,ส่งเเล้ว
750648617,19/10/2565,17.sBB,ส่งเเล้ว
750947761,11/2/2565 0:00,17.sBB,ส่งเเล้ว
750962545,10/4/2565 0:00,18.sB+,ส่งเเล้ว
750930121,10/10/2565 0:00,18.sB+,ส่งเเล้ว
540003710,10/7/2565 0:00,15.sA+,ส่งเเล้ว
750070640,9/8/2565 0:00,21.sC+,ส่งเเล้ว
-,29/12/2565,21.sC+,ส่งเเล้ว
750846717,18/10/2565,22.sDDD,ส่งเเล้ว
750809485,2/7/2565 0:00,17.sBB,ส่งเเล้ว
750809485,28/9/2565,6.B+,ส่งเเล้ว
750805397,31/10/2565,16.sBBB,ส่งเเล้ว
580001742,20/10/2565,16.sBBB,ส่งเเล้ว
550003079,26/12/2565,19.sCCC,ส่งเเล้ว
750037505,27/10/2565,19.sCCC,ส่งเเล้ว
680011787,20/12/2565,17.sBB,ส่งเเล้ว
710001966,26/12/2565,17.sBB,ส่งเเล้ว
750936788,27/5/2565,18.sB+,ส่งเเล้ว
750514486,14/12/2565,21.sC+,ส่งเเล้ว
750089926,19/9/2565,18.sB+,ส่งเเล้ว
750853132,31/1/2565,20.sCC,ส่งเเล้ว
750933696,25/4/2565,18.sB+,ส่งเเล้ว
550014181,,,ส่งเเล้ว
550014181,,,ส่งเเล้ว
750825869,,,ส่งเเล้ว
750739041,,,ส่งเเล้ว
750648543,,,ส่งเเล้ว
670005429,,,ส่งเเล้ว
750718247,,,ส่งเเล้ว
750908898,,,ส่งเเล้ว
750721286,,,ส่งเเล้ว
750303897,,,ส่งเเล้ว
360009586,,,ส่งเเล้ว
750929546,,,ส่งเเล้ว
630003018,,,ส่งเเล้ว
670009944,,,ส่งเเล้ว
680006732,,,ส่งเเล้ว
750745684,,,ส่งเเล้ว
750613908,,,ส่งเเล้ว
750740671,,,ส่งเเล้ว
750459604,,,ส่งเเล้ว
750791794,,,ส่งเเล้ว
750751904,,,ส่งเเล้ว
680011774,,,ส่งเเล้ว
750791794,,,ส่งเเล้ว
750707791,,,ส่งเเล้ว
750089687,,,ส่งเเล้ว
670005180,,,ส่งเเล้ว
690000845,,,ส่งเเล้ว
750719546,,,ส่งเเล้ว
310003536,,,ส่งเเล้ว
750798228,,,ส่งเเล้ว
750793465,,,ส่งเเล้ว
750719546,,,ส่งเเล้ว
750407452,,,ส่งเเล้ว
610002771,,,ส่งเเล้ว
730014455,,,ส่งเเล้ว
730007432,,,ส่งเเล้ว
750707791,,,ส่งเเล้ว
680011774,,,ส่งเเล้ว
690000845,,,ส่งเเล้ว
620001441,,,ส่งเเล้ว
730015570,,,ส่งเเล้ว
730013235,,,ส่งเเล้ว
750465486,,,ส่งเเล้ว
630001603,,,ส่งเเล้ว
710002221,,,ส่งเเล้ว
750767893,,,ส่งเเล้ว
750756364,,,ส่งเเล้ว
750086681,,,ส่งเเล้ว
480005008,,,ส่งเเล้ว
750931108,,,ส่งเเล้ว
360000864,,,ส่งเเล้ว
680002321,,,ส่งเเล้ว
390003281,,,ส่งเเล้ว
680007934,,,ส่งเเล้ว
730015570,,,ส่งเเล้ว
750336997,,,ส่งเเล้ว
750766737,,,ส่งเเล้ว
750908532,,,ส่งเเล้ว
750445249,,,ส่งเเล้ว
330000261,,,ส่งเเล้ว
750894560,,,ส่งเเล้ว
360034405,,,ส่งเเล้ว
330001582,,,ส่งเเล้ว
750146332,,,ส่งเเล้ว
750607581,,,ส่งเเล้ว
750445249,,,ส่งเเล้ว
750365000,,,ส่งเเล้ว
750568420,,,ส่งเเล้ว
750904144,,,ส่งเเล้ว
750214192,,,ส่งเเล้ว
390003493,,,ส่งเเล้ว
390000514,,,ส่งเเล้ว
630002925,,,ส่งเเล้ว
750316222,,,ส่งเเล้ว
320000287,,,ส่งเเล้ว
750870911,,,ส่งเเล้ว
750168615,,,ส่งเเล้ว
680030224,,,ส่งเเล้ว
750886591,,,ส่งเเล้ว
730002658,,,ส่งเเล้ว
750776160,,,ส่งเเล้ว
750800633,,,ส่งเเล้ว
750568420,,,ส่งเเล้ว
710002221,,,ส่งเเล้ว
750088418,,,ส่งเเล้ว
750744452,,,ส่งเเล้ว
750878202,,,ส่งเเล้ว
750568420,,,ส่งเเล้ว
610003028,,,ส่งเเล้ว
750800633,,,ส่งเเล้ว
540000818,,,ส่งเเล้ว
670008726,,,ส่งเเล้ว
530003906,,,ส่งเเล้ว
670009206,,,ส่งเเล้ว
750587163,,,ส่งเเล้ว
750842659,,,ส่งเเล้ว
680030224,,,ส่งเเล้ว
710001883,,,ส่งเเล้ว
670009206,,,ส่งเเล้ว
750465486,,,ส่งเเล้ว
680034166,,,ส่งเเล้ว
550014181,,,ส่งเเล้ว
750707791,,,ส่งเเล้ว
750089687,,,ส่งเเล้ว
670005180,,,ส่งเเล้ว
750719546,,,ส่งเเล้ว
750798228,,,ส่งเเล้ว
750793465,,,ส่งเเล้ว
750719546,,,ส่งเเล้ว
750707791,,,ส่งเเล้ว
680011774,,,ส่งเเล้ว
690000845,,,ส่งเเล้ว
680034166,,,ส่งเเล้ว
750086681,,,ส่งเเล้ว
750931108,,,ส่งเเล้ว
360000864,,,ส่งเเล้ว
680007934,,,ส่งเเล้ว
750336997,,,ส่งเเล้ว
360034405,,,ส่งเเล้ว
750445249,,,ส่งเเล้ว
750568420,,,ส่งเเล้ว
680034166,,,ส่งเเล้ว
390003493,,,ส่งเเล้ว
390000514,,,ส่งเเล้ว
630002925,,,ส่งเเล้ว
750316222,,,ส่งเเล้ว
320000287,,,ส่งเเล้ว
750886591,,,ส่งเเล้ว
730002658,,,ส่งเเล้ว
750776160,,,ส่งเเล้ว
750800633,,,ส่งเเล้ว
750568420,,,ส่งเเล้ว
710002221,,,ส่งเเล้ว
750865105,,,ส่งเเล้ว
750878202,,,ส่งเเล้ว
750568420,,,ส่งเเล้ว
610003028,,,ส่งเเล้ว
750800633,,,ส่งเเล้ว
750842659,,,ส่งเเล้ว
730033748,,,ส่งเเล้ว
730007596,,,ส่งเเล้ว
750812555,,,ส่งเเล้ว
750929546,,,ส่งเเล้ว
530011562,,,ส่งเเล้ว
670009944,,,ส่งเเล้ว
680006732,,,ส่งเเล้ว
750745684,,,ส่งเเล้ว
750613908,,,ส่งเเล้ว
750637597,,,ส่งเเล้ว
750964282,,,ส่งเเล้ว
750526325,,,ส่งเเล้ว
750465353,,,ส่งเเล้ว
750336803,,,ส่งเเล้ว
750451699,,,ส่งเเล้ว
750908842,,,ส่งเเล้ว
750745684,,,ส่งเเล้ว
750897874,,,ส่งเเล้ว
750903677,,,ส่งเเล้ว
750748649,,,ส่งเเล้ว
750851565,,,ส่งเเล้ว
750901579,,,ส่งเเล้ว
330001582,,,ส่งเเล้ว
550014181,,,ส่งเเล้ว
G523200,,,ส่งเเล้ว
G523200,,,ส่งเเล้ว
480001531,,,ส่งเเล้ว
360006346,,,ส่งเเล้ว
730006480,,,ส่งเเล้ว
750061523,,,ส่งเเล้ว
710002221,,,ส่งเเล้ว
750946941,,,ส่งเเล้ว
750949257,,,ส่งเเล้ว
320000287,,,ส่งเเล้ว
750036816,,,ส่งเเล้ว
750750211,,,ส่งเเล้ว
730007432,,,ส่งเเล้ว
550002549,,,ส่งเเล้ว
680010011,,,ส่งเเล้ว
630007010,,,ส่งเเล้ว
730001746,,,ส่งเเล้ว
750805363,,,ส่งเเล้ว
750806341,,,ส่งเเล้ว
690004415,,,ส่งเเล้ว
390002206,,,ส่งเเล้ว
730026842,,,ส่งเเล้ว
75024807,,,ส่งเเล้ว
390002549,,,ส่งเเล้ว
680004731,,,ส่งเเล้ว
670001964,,,ส่งเเล้ว
620000711,,,ส่งเเล้ว
740001222,,,ส่งเเล้ว
750309723,,,ส่งเเล้ว
750807665,,,ส่งเเล้ว
740000647,,,ส่งเเล้ว
750764495,,,ส่งเเล้ว
730005597,,,ส่งเเล้ว
750166615,,,ส่งเเล้ว
750925200,,,ส่งเเล้ว
610005310,,,ส่งเเล้ว
570000265,,,ส่งเเล้ว
610003438,,,ส่งเเล้ว
750930202,,,ส่งเเล้ว
750694499,,,ส่งเเล้ว
750954593,,,ส่งเเล้ว
750965536,,,ส่งเเล้ว
750386766,,,ส่งเเล้ว
750459604,,,ส่งเเล้ว
750709623,,,ส่งเเล้ว
750853849,,,ส่งเเล้ว
750929168,,,ส่งเเล้ว
750931243,,,ส่งเเล้ว
610001363,,,ส่งเเล้ว
360000664,,,ส่งเเล้ว
360002709,,,ส่งเเล้ว
750236050,,,ส่งเเล้ว
750961849,,,ส่งเเล้ว
750853134,,,ส่งเเล้ว
750721287,,,ส่งเเล้ว
750812210,,,ส่งเเล้ว
690004330,,,ส่งเเล้ว
750733472,,,ส่งเเล้ว
750791446,,,ส่งเเล้ว
310003563,,,ส่งเเล้ว
750791446,,,ส่งเเล้ว
750852911,,,ส่งเเล้ว
750797709,,,ส่งเเล้ว
530005131,,,ส่งเเล้ว
670007959,,,ส่งเเล้ว
750853013,,,ส่งเเล้ว
750443042,,,ส่งเเล้ว
750904145,,,ส่งเเล้ว
59001016,,,ส่งเเล้ว
530003494,,,ส่งเเล้ว
680011919,,,ส่งเเล้ว
750566184,,,ส่งเเล้ว
750171946,,,ส่งเเล้ว
310001530,,,ส่งเเล้ว
750081133,,,ส่งเเล้ว
750764985,,,ส่งเเล้ว
360000849,,,ส่งเเล้ว
620001620,,,ส่งเเล้ว
750126709,,,ส่งเเล้ว
360003329,,,ส่งเเล้ว
750468364,,,ส่งเเล้ว
630014187,,,ส่งเเล้ว
750794067,,,ส่งเเล้ว
750852911,,,ส่งเเล้ว
670007959,,,ส่งเเล้ว
750443042,,,ส่งเเล้ว
530003494,,,ส่งเเล้ว
680011919,,,ส่งเเล้ว
750566184,,,ส่งเเล้ว
750171946,,,ส่งเเล้ว
310001530,,,ส่งเเล้ว
750081133,,,ส่งเเล้ว
750764985,,,ส่งเเล้ว
360000849,,,ส่งเเล้ว
620001620,,,ส่งเเล้ว
750126709,,,ส่งเเล้ว
360003329,,,ส่งเเล้ว
750468364,,,ส่งเเล้ว
630014187,,,ส่งเเล้ว
750812210,,,ส่งเเล้ว
690004330,,,ส่งเเล้ว
750733472,,,ส่งเเล้ว
710000071,,,ส่งเเล้ว
680011919,,,ส่งเเล้ว
310001530,,,ส่งเเล้ว
390001836,,,ส่งเเล้ว
630004088,,,ส่งเเล้ว
530005131,,,ส่งเเล้ว
730014125,,,ส่งเเล้ว
680002897,,,ส่งเเล้ว
750254652,,,ส่งเเล้ว
530003171,,,ส่งเเล้ว
730010661,,,ส่งเเล้ว
750938130,,,ส่งเเล้ว
750159036,,,ส่งเเล้ว
