เลขที่ CIF,
750798220,ส่งเเล้ว
380000938,ส่งเเล้ว
750769764,ส่งเเล้ว
750769754,ส่งเเล้ว
730018109,ส่งเเล้ว
680024725,ส่งเเล้ว
750899369,ส่งเเล้ว
nan,ส่งเเล้ว
730015345,ส่งเเล้ว
750811477,ส่งเเล้ว
750862970,ส่งเเล้ว
550004812,ส่งเเล้ว
750760423,ส่งเเล้ว
590002150,ส่งเเล้ว
540004526,ส่งเเล้ว
730016502,ส่งเเล้ว
310003498,ส่งเเล้ว
750761218,ส่งเเล้ว
750765939,ส่งเเล้ว
750434909,ส่งเเล้ว
620003353,ส่งเเล้ว
750766587,ส่งเเล้ว
730016502,ส่งเเล้ว
750766732,ส่งเเล้ว
620003353,ส่งเเล้ว
750894922,ส่งเเล้ว
480003176,ส่งเเล้ว
750765651,ส่งเเล้ว
750748113,ส่งเเล้ว
750549700,ส่งเเล้ว
750434909,ส่งเเล้ว
630010083,ส่งเเล้ว
540002759,ส่งเเล้ว
730015345,ส่งเเล้ว
750901135,ส่งเเล้ว
750293549,ส่งเเล้ว
750271193,ส่งเเล้ว
540002759,ส่งเเล้ว
630010083,ส่งเเล้ว
750886616,ส่งเเล้ว
380003509,ส่งเเล้ว
750346149,ส่งเเล้ว
750252455,ส่งเเล้ว
750314936,ส่งเเล้ว
750399457,ส่งเเล้ว
630010083,ส่งเเล้ว
750418373,ส่งเเล้ว
750859821,ส่งเเล้ว
750801290,ส่งเเล้ว
750810015,ส่งเเล้ว
750516173,ส่งเเล้ว
750810170,ส่งเเล้ว
750803774,ส่งเเล้ว
750811686,ส่งเเล้ว
750797278,ส่งเเล้ว
750797170,ส่งเเล้ว
750801021,ส่งเเล้ว
750797871,ส่งเเล้ว
nan,ส่งเเล้ว
750844249,ส่งเเล้ว
310006546,ส่งเเล้ว
750816209,ส่งเเล้ว
750844249,ส่งเเล้ว
750801933,ส่งเเล้ว
750801290,ส่งเเล้ว
750801933,ส่งเเล้ว
750801933,ส่งเเล้ว
750845133,ส่งเเล้ว
750397321,ส่งเเล้ว
540002407,ส่งเเล้ว
750397349,ส่งเเล้ว
750050930,ส่งเเล้ว
750722644,ส่งเเล้ว
680026953,ส่งเเล้ว
750770150,ส่งเเล้ว
750662105,ส่งเเล้ว
750719541,ส่งเเล้ว
630011345,ส่งเเล้ว
360007613,ส่งเเล้ว
750245930,ส่งเเล้ว
650000643,ส่งเเล้ว
750676263,ส่งเเล้ว
680009350,ส่งเเล้ว
750697586,ส่งเเล้ว
750856473,ส่งเเล้ว
750868182,ส่งเเล้ว
750850868,ส่งเเล้ว
750707073,ส่งเเล้ว
580000915,ส่งเเล้ว
750669565,ส่งเเล้ว
680007970,ส่งเเล้ว
750805203,ส่งเเล้ว
750851658,ส่งเเล้ว
750795663,ส่งเเล้ว
750856467,ส่งเเล้ว
750807612,ส่งเเล้ว
nan,ส่งเเล้ว
750733911,ส่งเเล้ว
-,ส่งเเล้ว
750676263,ส่งเเล้ว
680009350,ส่งเเล้ว
750899787,ส่งเเล้ว
nan,ส่งเเล้ว
750697348,ส่งเเล้ว
680021623,ส่งเเล้ว
580001257,ส่งเเล้ว
730017279,ส่งเเล้ว
750742860,ส่งเเล้ว
600001595,ส่งเเล้ว
670007676,ส่งเเล้ว
750805685,ส่งเเล้ว
750708739,ส่งเเล้ว
750757338,ส่งเเล้ว
750389379,ส่งเเล้ว
750854107,ส่งเเล้ว
750475756,ส่งเเล้ว
540001378,ส่งเเล้ว
540005516,ส่งเเล้ว
750662105,ส่งเเล้ว
750759942,ส่งเเล้ว
540005516,ส่งเเล้ว
610011556,ส่งเเล้ว
540005516,ส่งเเล้ว
380007660,ส่งเเล้ว
550005508,ส่งเเล้ว
750722644,ส่งเเล้ว
750843194,ส่งเเล้ว
750430676,ส่งเเล้ว
750903011,ส่งเเล้ว
750749689,ส่งเเล้ว
750900842,ส่งเเล้ว
550002424,ส่งเเล้ว
750590121,ส่งเเล้ว
360012253,ส่งเเล้ว
730046386,ส่งเเล้ว
750716560,ส่งเเล้ว
750725217,ส่งเเล้ว
680014057,ส่งเเล้ว
750847833,ส่งเเล้ว
750326504,ส่งเเล้ว
670005540,ส่งเเล้ว
750798794,ส่งเเล้ว
730008353,ส่งเเล้ว
750749689,ส่งเเล้ว
750344427,ส่งเเล้ว
750758923,ส่งเเล้ว
750846657,ส่งเเล้ว
680030262,ส่งเเล้ว
750848664,ส่งเเล้ว
680012813,ส่งเเล้ว
740000306,ส่งเเล้ว
750839360,ส่งเเล้ว
750850438,ส่งเเล้ว
750847672,ส่งเเล้ว
750759942,ส่งเเล้ว
670005540,ส่งเเล้ว
670004699,ส่งเเล้ว
670021931,ส่งเเล้ว
750443343,ส่งเเล้ว
680048049,ส่งเเล้ว
730004306,ส่งเเล้ว
750848361,ส่งเเล้ว
750760971,ส่งเเล้ว
750792563,ส่งเเล้ว
750360207,ส่งเเล้ว
580001729,ส่งเเล้ว
750696767,ส่งเเล้ว
750424388,ส่งเเล้ว
750728591,ส่งเเล้ว
610025511,ส่งเเล้ว
310004865,ส่งเเล้ว
750760971,ส่งเเล้ว
750897863,ส่งเเล้ว
-,ส่งเเล้ว
750092425,ส่งเเล้ว
730008798,ส่งเเล้ว
750671692,ส่งเเล้ว
750762025,ส่งเเล้ว
730020957,ส่งเเล้ว
750873219,ส่งเเล้ว
680015190,ส่งเเล้ว
750644395,ส่งเเล้ว
750644395,ส่งเเล้ว
580003359,ส่งเเล้ว
580001959,ส่งเเล้ว
ลูกค้ารายใหม่,ส่งเเล้ว
750823818,ส่งเเล้ว
680015190,ส่งเเล้ว
750792562,ส่งเเล้ว
540004054,ส่งเเล้ว
750080392,ส่งเเล้ว
710000812,ส่งเเล้ว
750690246,ส่งเเล้ว
750832642,ส่งเเล้ว
730007522,ส่งเเล้ว
730007522,ส่งเเล้ว
750804849,ส่งเเล้ว
750762025,ส่งเเล้ว
750602275,ส่งเเล้ว
750602275,ส่งเเล้ว
750716062,ส่งเเล้ว
530006666,ส่งเเล้ว
680008224,ส่งเเล้ว
730035980,ส่งเเล้ว
730013157,ส่งเเล้ว
730013483,ส่งเเล้ว
630003100,ส่งเเล้ว
510003472,ส่งเเล้ว
750428998,ส่งเเล้ว
750647721,ส่งเเล้ว
750643560,ส่งเเล้ว
750787339,ส่งเเล้ว
750749848,ส่งเเล้ว
750715418,ส่งเเล้ว
310001504,ส่งเเล้ว
750642364,ส่งเเล้ว
750761041,ส่งเเล้ว
510000350,ส่งเเล้ว
750346699,ส่งเเล้ว
680005851,ส่งเเล้ว
730011161,ส่งเเล้ว
750479968,ส่งเเล้ว
730020330,ส่งเเล้ว
750670453,ส่งเเล้ว
750670453,ส่งเเล้ว
530001223,ส่งเเล้ว
730002522,ส่งเเล้ว
730013474,ส่งเเล้ว
750708481,ส่งเเล้ว
740001747,ส่งเเล้ว
610006195,ส่งเเล้ว
750483399,ส่งเเล้ว
750468097,ส่งเเล้ว
750758130,ส่งเเล้ว
750709319,ส่งเเล้ว
480002815,ส่งเเล้ว
550005097,ส่งเเล้ว
750820157,ส่งเเล้ว
610008284,ส่งเเล้ว
730021101,ส่งเเล้ว
730013517,ส่งเเล้ว
750812231,ส่งเเล้ว
750853485,ส่งเเล้ว
590000929,ส่งเเล้ว
750476674,ส่งเเล้ว
750852910,ส่งเเล้ว
530001708,ส่งเเล้ว
710000689,ส่งเเล้ว
730022993,ส่งเเล้ว
750712603,ส่งเเล้ว
750761041,ส่งเเล้ว
750241764,ส่งเเล้ว
710001585,ส่งเเล้ว
750651477,ส่งเเล้ว
730003994,ส่งเเล้ว
750791441,ส่งเเล้ว
670000829,ส่งเเล้ว
750715418,ส่งเเล้ว
380004172,ส่งเเล้ว
750825872,ส่งเเล้ว
750712603,ส่งเเล้ว
750703242,ส่งเเล้ว
670007676,ส่งเเล้ว
610008283,ส่งเเล้ว
750751916,ส่งเเล้ว
750709134,ส่งเเล้ว
520001118,ส่งเเล้ว
750438636,ส่งเเล้ว
580004367,ส่งเเล้ว
750898940,ส่งเเล้ว
750439745,ส่งเเล้ว
360001458,ส่งเเล้ว
750559514,ส่งเเล้ว
750896969,ส่งเเล้ว
680022334,ส่งเเล้ว
360002322,ส่งเเล้ว
750897008,ส่งเเล้ว
750559514,ส่งเเล้ว
750820722,ส่งเเล้ว
750820722,ส่งเเล้ว
750769899,ส่งเเล้ว
670007676,ส่งเเล้ว
530006714,ส่งเเล้ว
670007676,ส่งเเล้ว
750793460,ส่งเเล้ว
520000209,ส่งเเล้ว
680002732,ส่งเเล้ว
750600775,ส่งเเล้ว
750893791,ส่งเเล้ว
530001223,ส่งเเล้ว
750809841,ส่งเเล้ว
750820157,ส่งเเล้ว
750769899,ส่งเเล้ว
750169877,ส่งเเล้ว
750645715,ส่งเเล้ว
750428998,ส่งเเล้ว
nan,ส่งเเล้ว
680002732,ส่งเเล้ว
750514844,ส่งเเล้ว
550001665,ส่งเเล้ว
610008283,ส่งเเล้ว
730021227,ส่งเเล้ว
nan,ส่งเเล้ว
750848904,ส่งเเล้ว
750783080,ส่งเเล้ว
750061547,ส่งเเล้ว
750622105,ส่งเเล้ว
750421742,ส่งเเล้ว
750003910,ส่งเเล้ว
680041844,ส่งเเล้ว
750687431,ส่งเเล้ว
750750237,ส่งเเล้ว
630003100,ส่งเเล้ว
730013902,ส่งเเล้ว
750799979,ส่งเเล้ว
390006761,ส่งเเล้ว
630002001,ส่งเเล้ว
550003476,ส่งเเล้ว
750812197,ส่งเเล้ว
550002011,ส่งเเล้ว
750304787,ส่งเเล้ว
480003297,ส่งเเล้ว
750793460,ส่งเเล้ว
750816827,ส่งเเล้ว
550001975,ส่งเเล้ว
480002348,ส่งเเล้ว
620001113,ส่งเเล้ว
750817734,ส่งเเล้ว
750677912,ส่งเเล้ว
750439745,ส่งเเล้ว
480000611,ส่งเเล้ว
750709723,ส่งเเล้ว
750708601,ส่งเเล้ว
730008234,ส่งเเล้ว
750488232,ส่งเเล้ว
330002520,ส่งเเล้ว
480003112,ส่งเเล้ว
750152913,ส่งเเล้ว
730013515,ส่งเเล้ว
730013516,ส่งเเล้ว
750153562,ส่งเเล้ว
520000466,ส่งเเล้ว
540006968,ส่งเเล้ว
750482605,ส่งเเล้ว
750849991,ส่งเเล้ว
610025253,ส่งเเล้ว
750485878,ส่งเเล้ว
650001027,ส่งเเล้ว
730039200,ส่งเเล้ว
540001248,ส่งเเล้ว
750309763,ส่งเเล้ว
750776262,ส่งเเล้ว
750731689,ส่งเเล้ว
480002052,ส่งเเล้ว
730020899,ส่งเเล้ว
750708903,ส่งเเล้ว
750477782,ส่งเเล้ว
750013615,ส่งเเล้ว
630003100,ส่งเเล้ว
750424448,ส่งเเล้ว
480000397,ส่งเเล้ว
730013487,ส่งเเล้ว
710001992,ส่งเเล้ว
750709392,ส่งเเล้ว
750061736,ส่งเเล้ว
670000686,ส่งเเล้ว
730023103,ส่งเเล้ว
750709169,ส่งเเล้ว
730013485,ส่งเเล้ว
680012566,ส่งเเล้ว
750478336,ส่งเเล้ว
750848189,ส่งเเล้ว
680004585,ส่งเเล้ว
730002416,ส่งเเล้ว
490000217,ส่งเเล้ว
670002620,ส่งเเล้ว
610022992,ส่งเเล้ว
580000618,ส่งเเล้ว
330000721,ส่งเเล้ว
530003567,ส่งเเล้ว
390006346,ส่งเเล้ว
730021066,ส่งเเล้ว
610003675,ส่งเเล้ว
750158637,ส่งเเล้ว
580002785,ส่งเเล้ว
750810643,ส่งเเล้ว
390002873,ส่งเเล้ว
680012544,ส่งเเล้ว
nan,ส่งเเล้ว
750449121,ส่งเเล้ว
750901234,ส่งเเล้ว
710001598,ส่งเเล้ว
750681503,ส่งเเล้ว
750283624,ส่งเเล้ว
680001615,ส่งเเล้ว
670005427,ส่งเเล้ว
680033759,ส่งเเล้ว
490001111,ส่งเเล้ว
540000299,ส่งเเล้ว
730014624,ส่งเเล้ว
730014624,ส่งเเล้ว
620000925,ส่งเเล้ว
610012930,ส่งเเล้ว
730008450,ส่งเเล้ว
670001963,ส่งเเล้ว
750270320,ส่งเเล้ว
630004087,ส่งเเล้ว
750289737,ส่งเเล้ว
750667130,ส่งเเล้ว
nan,ส่งเเล้ว
680001353,ส่งเเล้ว
620002430,ส่งเเล้ว
-,ส่งเเล้ว
730011604,ส่งเเล้ว
730011604,ส่งเเล้ว
360000916,ส่งเเล้ว
540001506,ส่งเเล้ว
680033759,ส่งเเล้ว
530005771,ส่งเเล้ว
730011853,ส่งเเล้ว
730011853,ส่งเเล้ว
760161763,ส่งเเล้ว
680032193,ส่งเเล้ว
750552285,ส่งเเล้ว
610009309,ส่งเเล้ว
750395207,ส่งเเล้ว
680005202,ส่งเเล้ว
750772953,ส่งเเล้ว
710001229,ส่งเเล้ว
750657591,ส่งเเล้ว
610003028,ส่งเเล้ว
620000306,ส่งเเล้ว
670005095,ส่งเเล้ว
750203061,ส่งเเล้ว
750646201,ส่งเเล้ว
550011026,ส่งเเล้ว
550011026,ส่งเเล้ว
550011026,ส่งเเล้ว
390001291,ส่งเเล้ว
750884392,ส่งเเล้ว
nan,ส่งเเล้ว
540001262,ส่งเเล้ว
750175977,ส่งเเล้ว
730014012,ส่งเเล้ว
360008636,ส่งเเล้ว
670003587,ส่งเเล้ว
630001977,ส่งเเล้ว
710001194,ส่งเเล้ว
730011161,ส่งเเล้ว
730011161,ส่งเเล้ว
360002759,ส่งเเล้ว
750097208,ส่งเเล้ว
540001262,ส่งเเล้ว
730015329,ส่งเเล้ว
750709570,ส่งเเล้ว
530009804,ส่งเเล้ว
730013478,ส่งเเล้ว
750812922,ส่งเเล้ว
730007300,ส่งเเล้ว
610005077,ส่งเเล้ว
670021515,ส่งเเล้ว
730021356,ส่งเเล้ว
750886588,ส่งเเล้ว
310002494,ส่งเเล้ว
750747941,ส่งเเล้ว
680003180,ส่งเเล้ว
730022634,ส่งเเล้ว
630002489,ส่งเเล้ว
730012589,ส่งเเล้ว
730010098,ส่งเเล้ว
750750210,ส่งเเล้ว
750572698,ส่งเเล้ว
750764974,ส่งเเล้ว
530006490,ส่งเเล้ว
750865977,ส่งเเล้ว
750173942,ส่งเเล้ว
750562727,ส่งเเล้ว
750441945,ส่งเเล้ว
360004266,ส่งเเล้ว
750185543,ส่งเเล้ว
380004866,ส่งเเล้ว
750750811,ส่งเเล้ว
750750811,ส่งเเล้ว
730022046,ส่งเเล้ว
750587163,ส่งเเล้ว
750897984,ส่งเเล้ว
750842657,ส่งเเล้ว
610001552,ส่งเเล้ว
750901574,ส่งเเล้ว
670017029,ส่งเเล้ว
750798475,ส่งเเล้ว
310011120,ส่งเเล้ว
680013468,ส่งเเล้ว
680013468,ส่งเเล้ว
730014251,ส่งเเล้ว
650000488,ส่งเเล้ว
650000488,ส่งเเล้ว
750865921,ส่งเเล้ว
750865921,ส่งเเล้ว
730016152,ส่งเเล้ว
750199663,ส่งเเล้ว
750146334,ส่งเเล้ว
520000322,ส่งเเล้ว
570000149,ส่งเเล้ว
680007576,ส่งเเล้ว
730015569,ส่งเเล้ว
750886925,ส่งเเล้ว
750102228,ส่งเเล้ว
560000141,ส่งเเล้ว
510002377,ส่งเเล้ว
360002525,ส่งเเล้ว
610007241,ส่งเเล้ว
520001452,ส่งเเล้ว
750254908,ส่งเเล้ว
750838432,ส่งเเล้ว
730006813,ส่งเเล้ว
750015284,ส่งเเล้ว
750015248,ส่งเเล้ว
750278017,ส่งเเล้ว
750231537,ส่งเเล้ว
680015372,ส่งเเล้ว
360001906,ส่งเเล้ว
520004795,ส่งเเล้ว
730002320,ส่งเเล้ว
9349314071,ส่งเเล้ว
750800516,ส่งเเล้ว
620001637,ส่งเเล้ว
750423133,ส่งเเล้ว
341130583,ส่งเเล้ว
530002630,ส่งเเล้ว
750897789,ส่งเเล้ว
750442921,ส่งเเล้ว
310004862,ส่งเเล้ว
750807078,ส่งเเล้ว
530004019,ส่งเเล้ว
480001799,ส่งเเล้ว
740000955,ส่งเเล้ว
610002728,ส่งเเล้ว
750711720,ส่งเเล้ว
630001872,ส่งเเล้ว
320000378,ส่งเเล้ว
480002115,ส่งเเล้ว
750895347,ส่งเเล้ว
750793422,ส่งเเล้ว
730015390,ส่งเเล้ว
750760716,ส่งเเล้ว
750422038,ส่งเเล้ว
nan,ส่งเเล้ว
750801540,ส่งเเล้ว
620001441,ส่งเเล้ว
750283546,ส่งเเล้ว
750444583,ส่งเเล้ว
360004272,ส่งเเล้ว
530001223,ส่งเเล้ว
750853073,ส่งเเล้ว
540000818,ส่งเเล้ว
390001277,ส่งเเล้ว
730021356,ส่งเเล้ว
750854177,ส่งเเล้ว
310002940,ส่งเเล้ว
390001876,ส่งเเล้ว
670000960,ส่งเเล้ว
730014293,ส่งเเล้ว
730001616,ส่งเเล้ว
750796148,ส่งเเล้ว
750465352,ส่งเเล้ว
490002451,ส่งเเล้ว
750494691,ส่งเเล้ว
730000210,ส่งเเล้ว
610001549,ส่งเเล้ว
680009340,ส่งเเล้ว
730021379,ส่งเเล้ว
680016967,ส่งเเล้ว
750256801,ส่งเเล้ว
750801502,ส่งเเล้ว
750444583,ส่งเเล้ว
620002966,ส่งเเล้ว
670000864,ส่งเเล้ว
750569124,ส่งเเล้ว
750776160,ส่งเเล้ว
750747181,ส่งเเล้ว
680001860,ส่งเเล้ว
750764562,ส่งเเล้ว
750772953,ส่งเเล้ว
750013796,ส่งเเล้ว
750884879,ส่งเเล้ว
-,ส่งเเล้ว
730003802,ส่งเเล้ว
750853852,ส่งเเล้ว
330000519,ส่งเเล้ว
630004438,ส่งเเล้ว
610006015,ส่งเเล้ว
750870041,ส่งเเล้ว
610006490,ส่งเเล้ว
630007737,ส่งเเล้ว
680011846,ส่งเเล้ว
750036471,ส่งเเล้ว
750788613,ส่งเเล้ว
750602260,ส่งเเล้ว
750648617,ส่งเเล้ว
750675792,ส่งเเล้ว
750708003,ส่งเเล้ว
750797346,ส่งเเล้ว
730005657,ส่งเเล้ว
750070173,ส่งเเล้ว
750756205,ส่งเเล้ว
750519930,ส่งเเล้ว
750752987,ส่งเเล้ว
730001746,ส่งเเล้ว
730001896,ส่งเเล้ว
750097991,ส่งเเล้ว
730004426,ส่งเเล้ว
630002600,ส่งเเล้ว
730014840,ส่งเเล้ว
750051994,ส่งเเล้ว
670003662,ส่งเเล้ว
750202663,ส่งเเล้ว
750777024,ส่งเเล้ว
750862034,ส่งเเล้ว
750457808,ส่งเเล้ว
750092730,ส่งเเล้ว
680007661,ส่งเเล้ว
730011282,ส่งเเล้ว
730011282,ส่งเเล้ว
610001199,ส่งเเล้ว
750302462,ส่งเเล้ว
750215283,ส่งเเล้ว
680002732,ส่งเเล้ว
610018730,ส่งเเล้ว
750785571,ส่งเเล้ว
750455320,ส่งเเล้ว
680019111,ส่งเเล้ว
730010101,ส่งเเล้ว
610021203,ส่งเเล้ว
730013901,ส่งเเล้ว
750783156,ส่งเเล้ว
750520162,ส่งเเล้ว
750755937,ส่งเเล้ว
630001603,ส่งเเล้ว
750515631,ส่งเเล้ว
750820722,ส่งเเล้ว
670003558,ส่งเเล้ว
750771332,ส่งเเล้ว
610007017,ส่งเเล้ว
730020330,ส่งเเล้ว
360002709,ส่งเเล้ว
610012030,ส่งเเล้ว
730002515,ส่งเเล้ว
730003443,ส่งเเล้ว
730003443,ส่งเเล้ว
610000734,ส่งเเล้ว
510000350,ส่งเเล้ว
750175868,ส่งเเล้ว
750175863,ส่งเเล้ว
740001150,ส่งเเล้ว
750889221,ส่งเเล้ว
750721551,ส่งเเล้ว
750383321,ส่งเเล้ว
630001603,ส่งเเล้ว
610024791,ส่งเเล้ว
750421967,ส่งเเล้ว
610024791,ส่งเเล้ว
630004734,ส่งเเล้ว
750854561,ส่งเเล้ว
750715625,ส่งเเล้ว
750442921,ส่งเเล้ว
750797346,ส่งเเล้ว
590000927,ส่งเเล้ว
610012144,ส่งเเล้ว
730013484,ส่งเเล้ว
750252585,ส่งเเล้ว
750252585,ส่งเเล้ว
750744442,ส่งเเล้ว
750264727,ส่งเเล้ว
580002368,ส่งเเล้ว
730013901,ส่งเเล้ว
730001645,ส่งเเล้ว
680013560,ส่งเเล้ว
620001012,ส่งเเล้ว
580002368,ส่งเเล้ว
580002366,ส่งเเล้ว
610008225,ส่งเเล้ว
750055943,ส่งเเล้ว
750893627,ส่งเเล้ว
750745683,ส่งเเล้ว
750817748,ส่งเเล้ว
750739636,ส่งเเล้ว
750526533,ส่งเเล้ว
480001531,ส่งเเล้ว
680004084,ส่งเเล้ว
750203482,ส่งเเล้ว
750707113,ส่งเเล้ว
730008403,ส่งเเล้ว
610001796,ส่งเเล้ว
750646634,ส่งเเล้ว
310004326,ส่งเเล้ว
730023685,ส่งเเล้ว
680023737,ส่งเเล้ว
750602260,ส่งเเล้ว
750397716,ส่งเเล้ว
750743619,ส่งเเล้ว
730008372,ส่งเเล้ว
670014180,ส่งเเล้ว
750648911,ส่งเเล้ว
nan,ส่งเเล้ว
730003238,ส่งเเล้ว
750713717,ส่งเเล้ว
750731340,ส่งเเล้ว
730003994,ส่งเเล้ว
750752987,ส่งเเล้ว
750689517,ส่งเเล้ว
680011918,ส่งเเล้ว
610022591,ส่งเเล้ว
750795156,ส่งเเล้ว
750721106,ส่งเเล้ว
610002947,ส่งเเล้ว
610007907,ส่งเเล้ว
680015550,ส่งเเล้ว
610024797,ส่งเเล้ว
750735539,ส่งเเล้ว
750419494,ส่งเเล้ว
310001363,ส่งเเล้ว
750764495,ส่งเเล้ว
740001150,ส่งเเล้ว
750796702,ส่งเเล้ว
750258657,ส่งเเล้ว
750756300,ส่งเเล้ว
750386769,ส่งเเล้ว
750324685,ส่งเเล้ว
750747741,ส่งเเล้ว
670007712,ส่งเเล้ว
750431517,ส่งเเล้ว
610001422,ส่งเเล้ว
670013291,ส่งเเล้ว
510001422,ส่งเเล้ว
-,ส่งเเล้ว
750723897,ส่งเเล้ว
750377440,ส่งเเล้ว
750036471,ส่งเเล้ว
610004302,ส่งเเล้ว
-,ส่งเเล้ว
750258657,ส่งเเล้ว
620000059,ส่งเเล้ว
480000688,ส่งเเล้ว
670021358,ส่งเเล้ว
580007739,ส่งเเล้ว
750747938,ส่งเเล้ว
750747938,ส่งเเล้ว
680020345,ส่งเเล้ว
540000490,ส่งเเล้ว
750377440,ส่งเเล้ว
750268353,ส่งเเล้ว
510001539,ส่งเเล้ว
750687079,ส่งเเล้ว
750842297,ส่งเเล้ว
750844356,ส่งเเล้ว
530007619,ส่งเเล้ว
630006473,ส่งเเล้ว
750810544,ส่งเเล้ว
750804842,ส่งเเล้ว
750746468,ส่งเเล้ว
550003946,ส่งเเล้ว
750841018,ส่งเเล้ว
750382929,ส่งเเล้ว
750733901,ส่งเเล้ว
750275389,ส่งเเล้ว
750760862,ส่งเเล้ว
750844843,ส่งเเล้ว
750401427,ส่งเเล้ว
750648911,ส่งเเล้ว
590001253,ส่งเเล้ว
740000306,ส่งเเล้ว
730006879,ส่งเเล้ว
380002036,ส่งเเล้ว
500000116,ส่งเเล้ว
610016115,ส่งเเล้ว
730020725,ส่งเเล้ว
560000141,ส่งเเล้ว
730008462,ส่งเเล้ว
680015372,ส่งเเล้ว
390004832,ส่งเเล้ว
620001643,ส่งเเล้ว
650000472,ส่งเเล้ว
730012109,ส่งเเล้ว
360002260,ส่งเเล้ว
620000282,ส่งเเล้ว
540001870,ส่งเเล้ว
750702166,ส่งเเล้ว
710001308,ส่งเเล้ว
550002046,ส่งเเล้ว
750301475,ส่งเเล้ว
620003014,ส่งเเล้ว
530002537,ส่งเเล้ว
310002270,ส่งเเล้ว
740000816,ส่งเเล้ว
750834701,ส่งเเล้ว
730019503,ส่งเเล้ว
630005990,ส่งเเล้ว
750105352,ส่งเเล้ว
750463296,ส่งเเล้ว
360002719,ส่งเเล้ว
530002685,ส่งเเล้ว
750806686,ส่งเเล้ว
680033126,ส่งเเล้ว
610021220,ส่งเเล้ว
680032910,ส่งเเล้ว
750060855,ส่งเเล้ว
750186222,ส่งเเล้ว
730005131,ส่งเเล้ว
750838579,ส่งเเล้ว
610005293,ส่งเเล้ว
750558973,ส่งเเล้ว
490001239,ส่งเเล้ว
750326494,ส่งเเล้ว
750265905,ส่งเเล้ว
630000874,ส่งเเล้ว
730007144,ส่งเเล้ว
610010195,ส่งเเล้ว
750662824,ส่งเเล้ว
670005368,ส่งเเล้ว
750709502,ส่งเเล้ว
750697613,ส่งเเล้ว
750717549,ส่งเเล้ว
710001230,ส่งเเล้ว
750075273,ส่งเเล้ว
530006798,ส่งเเล้ว
480000688,ส่งเเล้ว
750733901,ส่งเเล้ว
750801544,ส่งเเล้ว
750799465,ส่งเเล้ว
730014657,ส่งเเล้ว
730016450,ส่งเเล้ว
750846717,ส่งเเล้ว
750217928,ส่งเเล้ว
750434969,ส่งเเล้ว
7507911403,ส่งเเล้ว
310005317,ส่งเเล้ว
750846717,ส่งเเล้ว
520000767,ส่งเเล้ว
750406877,ส่งเเล้ว
750089926,ส่งเเล้ว
"750752987,750519925,750519930, 750519927, 750752982",ส่งเเล้ว
690001559,ส่งเเล้ว
750894919,ส่งเเล้ว
750272729,ส่งเเล้ว
750809296,ส่งเเล้ว
750809485,ส่งเเล้ว
580013300,ส่งเเล้ว
750852684,ส่งเเล้ว
750381930,ส่งเเล้ว
nan,ส่งเเล้ว
310003026,ส่งเเล้ว
730009076,ส่งเเล้ว
750560001,ส่งเเล้ว
750451702,ส่งเเล้ว
750863661,ส่งเเล้ว
750068349,ส่งเเล้ว
530005538,ส่งเเล้ว
750791403,ส่งเเล้ว
750037218,ส่งเเล้ว
750863661,ส่งเเล้ว
750461592,ส่งเเล้ว
750791403,ส่งเเล้ว
750037505,ส่งเเล้ว
310008898,ส่งเเล้ว
680033160,ส่งเเล้ว
750852684,ส่งเเล้ว
750555159,ส่งเเล้ว
nan,ส่งเเล้ว
750514486,ส่งเเล้ว
490001451,ส่งเเล้ว
530003672,ส่งเเล้ว
530000185,ส่งเเล้ว
750697223,ส่งเเล้ว
750560001,ส่งเเล้ว
750674381,ส่งเเล้ว
730008798,ส่งเเล้ว
750540605,ส่งเเล้ว
690001559,ส่งเเล้ว
750620603,ส่งเเล้ว
360001391,ส่งเเล้ว
750900254,ส่งเเล้ว
580001257,ส่งเเล้ว
750130166,ส่งเเล้ว
750898737,ส่งเเล้ว
360001391,ส่งเเล้ว
750366261,ส่งเเล้ว
750899609,ส่งเเล้ว
750897873,ส่งเเล้ว
730008896,ส่งเเล้ว
750798436,ส่งเเล้ว
730021101,ส่งเเล้ว
750068349,ส่งเเล้ว
750374236,ส่งเเล้ว
-,ส่งเเล้ว
750652194,ส่งเเล้ว
750868182,ส่งเเล้ว
750601559,ส่งเเล้ว
730009076,ส่งเเล้ว
750897413,ส่งเเล้ว
750852684,ส่งเเล้ว
750794113,ส่งเเล้ว
750897189,ส่งเเล้ว
750692480,ส่งเเล้ว
680028237,ส่งเเล้ว
750880658,ส่งเเล้ว
580007696,ส่งเเล้ว
750838498,ส่งเเล้ว
750894919,ส่งเเล้ว
750887793,ส่งเเล้ว
730009076,ส่งเเล้ว
750246629,ส่งเเล้ว
680004251,ส่งเเล้ว
680000301,ส่งเเล้ว
-,ส่งเเล้ว
750741071,ส่งเเล้ว
750054639,ส่งเเล้ว
640000026,ส่งเเล้ว
750700734,ส่งเเล้ว
750749699,ส่งเเล้ว
390001766,ส่งเเล้ว
750514844,ส่งเเล้ว
750691094,ส่งเเล้ว
750814151,ส่งเเล้ว
750697265,ส่งเเล้ว
750791403,ส่งเเล้ว
750173853,ส่งเเล้ว
750741071,ส่งเเล้ว
750651551,ส่งเเล้ว
750801202,ส่งเเล้ว
380003067,ส่งเเล้ว
750798436,ส่งเเล้ว
nan,ส่งเเล้ว
310005317,ส่งเเล้ว
750102024,ส่งเเล้ว
750070640,ส่งเเล้ว
540003710,ส่งเเล้ว
750102024,ส่งเเล้ว
710001966,ส่งเเล้ว
580001742,ส่งเเล้ว
680011787,ส่งเเล้ว
750896506,ส่งเเล้ว
750696409,ส่งเเล้ว
750897873,ส่งเเล้ว
750406118,ส่งเเล้ว
750735123,ส่งเเล้ว
750865093,ส่งเเล้ว
750896124,ส่งเเล้ว
750762022,ส่งเเล้ว
750700615,ส่งเเล้ว
670003806,ส่งเเล้ว
550002348,ส่งเเล้ว
670007091,ส่งเเล้ว
750747060,ส่งเเล้ว
750764623,ส่งเเล้ว
750749693,ส่งเเล้ว
480001361,ส่งเเล้ว
730009206,ส่งเเล้ว
750716839,ส่งเเล้ว
360009746,ส่งเเล้ว
750719354,ส่งเเล้ว
310001138,ส่งเเล้ว
750747267,ส่งเเล้ว
750807461,ส่งเเล้ว
750805721,ส่งเเล้ว
750477679,ส่งเเล้ว
550000889,ส่งเเล้ว
670003130,ส่งเเล้ว
750768827,ส่งเเล้ว
750761438,ส่งเเล้ว
750758380,ส่งเเล้ว
580003343,ส่งเเล้ว
670003609,ส่งเเล้ว
680015051,ส่งเเล้ว
750586786,ส่งเเล้ว
580000857,ส่งเเล้ว
680009124,ส่งเเล้ว
740000608,ส่งเเล้ว
680019514,ส่งเเล้ว
750765867,ส่งเเล้ว
680008916,ส่งเเล้ว
750768596,ส่งเเล้ว
630004538,ส่งเเล้ว
750689991,ส่งเเล้ว
610005225,ส่งเเล้ว
750621875,ส่งเเล้ว
750326091,ส่งเเล้ว
630005635,ส่งเเล้ว
750757612,ส่งเเล้ว
750812560,ส่งเเล้ว
550003263,ส่งเเล้ว
730031738,ส่งเเล้ว
750752598,ส่งเเล้ว
730007187,ส่งเเล้ว
750761701,ส่งเเล้ว
750713395,ส่งเเล้ว
750805630,ส่งเเล้ว
360002346,ส่งเเล้ว
680013222,ส่งเเล้ว
680006247,ส่งเเล้ว
580002468,ส่งเเล้ว
750902971,ส่งเเล้ว
nan,ส่งเเล้ว
750140494,ส่งเเล้ว
750867488,ส่งเเล้ว
750752867,ส่งเเล้ว
550003924,ส่งเเล้ว
480003008,ส่งเเล้ว
680034907,ส่งเเล้ว
750419144,ส่งเเล้ว
490001117,ส่งเเล้ว
750896624,ส่งเเล้ว
750817639,ส่งเเล้ว
750794113,ส่งเเล้ว
750118795,ส่งเเล้ว
750713326,ส่งเเล้ว
310004069,ส่งเเล้ว
750690590,ส่งเเล้ว
380001771,ส่งเเล้ว
610008012,ส่งเเล้ว
360013824,ส่งเเล้ว
520000389,ส่งเเล้ว
750192705,ส่งเเล้ว
750303566,ส่งเเล้ว
690004479,ส่งเเล้ว
750842362,ส่งเเล้ว
680014882,ส่งเเล้ว
530010861,ส่งเเล้ว
510000452,ส่งเเล้ว
750753701,ส่งเเล้ว
590001088,ส่งเเล้ว
750815251,ส่งเเล้ว
710001224,ส่งเเล้ว
750027650,ส่งเเล้ว
750343817,ส่งเเล้ว
750703841,ส่งเเล้ว
680017033,ส่งเเล้ว
750692134,ส่งเเล้ว
750808964,ส่งเเล้ว
750723958,ส่งเเล้ว
610005225,ส่งเเล้ว
750814644,ส่งเเล้ว
730006354,ส่งเเล้ว
750699489,ส่งเเล้ว
750706007,ส่งเเล้ว
750697448,ส่งเเล้ว
750225406,ส่งเเล้ว
520000621,ส่งเเล้ว
750049725,ส่งเเล้ว
750512456,ส่งเเล้ว
750505948,ส่งเเล้ว
670001877,ส่งเเล้ว
750701604,ส่งเเล้ว
750433791,ส่งเเล้ว
750772621,ส่งเเล้ว
750711560,ส่งเเล้ว
750406726,ส่งเเล้ว
610000162,ส่งเเล้ว
730016812,ส่งเเล้ว
730017402,ส่งเเล้ว
750676560,ส่งเเล้ว
440000355,ส่งเเล้ว
610014988,ส่งเเล้ว
680018357,ส่งเเล้ว
750813136,ส่งเเล้ว
750340868,ส่งเเล้ว
730004741,ส่งเเล้ว
750692413,ส่งเเล้ว
680004262,ส่งเเล้ว
360003317,ส่งเเล้ว
750797944,ส่งเเล้ว
530003423,ส่งเเล้ว
750844253,ส่งเเล้ว
750747123,ส่งเเล้ว
750630246,ส่งเเล้ว
670006064,ส่งเเล้ว
360003642,ส่งเเล้ว
620001500,ส่งเเล้ว
580003268,ส่งเเล้ว
750843769,ส่งเเล้ว
680016495,ส่งเเล้ว
730006480,ส่งเเล้ว
550003885,ส่งเเล้ว
750850868,ส่งเเล้ว
750805203,ส่งเเล้ว
750303566,ส่งเเล้ว
750651551,ส่งเเล้ว
750714573,ส่งเเล้ว
750871952,ส่งเเล้ว
750472589,ส่งเเล้ว
750760052,ส่งเเล้ว
750845939,ส่งเเล้ว
690001559,ส่งเเล้ว
750769764,ส่งเเล้ว
750769754,ส่งเเล้ว
380000938,ส่งเเล้ว
730015345,ส่งเเล้ว
750811477,ส่งเเล้ว
750901135,ส่งเเล้ว
540002759,ส่งเเล้ว
750271193,ส่งเเล้ว
750293549,ส่งเเล้ว
750293549,ส่งเเล้ว
750905127,ส่งเเล้ว
750762025,ส่งเเล้ว
750962327,ส่งเเล้ว
630010083,ส่งเเล้ว
750314936,ส่งเเล้ว
750399457,ส่งเเล้ว
750397321,ส่งเเล้ว
750397349,ส่งเเล้ว
750897984,ส่งเเล้ว
nan,ส่งเเล้ว
750458174,ส่งเเล้ว
750312453,ส่งเเล้ว
750326504,ส่งเเล้ว
750847672,ส่งเเล้ว
750326504,ส่งเเล้ว
750443343,ส่งเเล้ว
730008353,ส่งเเล้ว
610011556,ส่งเเล้ว
610011556,ส่งเเล้ว
750987096,ส่งเเล้ว
550005508,ส่งเเล้ว
750430676,ส่งเเล้ว
750697586,ส่งเเล้ว
750762025,ส่งเเล้ว
750716062,ส่งเเล้ว
750306861,ส่งเเล้ว
750972240,ส่งเเล้ว
710001279,ส่งเเล้ว
750645715,ส่งเเล้ว
750897008,ส่งเเล้ว
750708919,ส่งเเล้ว
610025253,ส่งเเล้ว
730021227,ส่งเเล้ว
750749689,ส่งเเล้ว
750834213,ส่งเเล้ว
750761041,ส่งเเล้ว
750761041,ส่งเเล้ว
750485878,ส่งเเล้ว
360002322,ส่งเเล้ว
751002548,ส่งเเล้ว
750853485,ส่งเเล้ว
750748204,ส่งเเล้ว
680012544,ส่งเเล้ว
730021101,ส่งเเล้ว
730021101,ส่งเเล้ว
750169877,ส่งเเล้ว
750309763,ส่งเเล้ว
480002815,ส่งเเล้ว
750254908,ส่งเเล้ว
750865921,ส่งเเล้ว
750865915,ส่งเเล้ว
530007619,ส่งเเล้ว
630006473,ส่งเเล้ว
710810544,ส่งเเล้ว
750904883,ส่งเเล้ว
750926540,ส่งเเล้ว
750804842,ส่งเเล้ว
750804842,ส่งเเล้ว
520000389,ส่งเเล้ว
750772953,ส่งเเล้ว
750417788,ส่งเเล้ว
750958442,ส่งเเล้ว
730015390,ส่งเเล้ว
750997211,ส่งเเล้ว
750799465,ส่งเเล้ว
750972252,ส่งเเล้ว
310002494,ส่งเเล้ว
750764562,ส่งเเล้ว
680009340,ส่งเเล้ว
750747181,ส่งเเล้ว
750797170,ส่งเเล้ว
750733901,ส่งเเล้ว
750477679,ส่งเเล้ว
390001766,ส่งเเล้ว
750971537,ส่งเเล้ว
750975085,ส่งเเล้ว
750999202,ส่งเเล้ว
750385159,ส่งเเล้ว
750932162,ส่งเเล้ว
750932164,ส่งเเล้ว
750908884,ส่งเเล้ว
750690590,ส่งเเล้ว
750697348,ส่งเเล้ว
750893791,ส่งเเล้ว
730018109,ส่งเเล้ว
750841018,ส่งเเล้ว
750841018,ส่งเเล้ว
750937459,ส่งเเล้ว
750937992,ส่งเเล้ว
750809296,ส่งเเล้ว
nan,ส่งเเล้ว
750905989,ส่งเเล้ว
730004306,ส่งเเล้ว
610002906,ส่งเเล้ว
680012443,ส่งเเล้ว
750967533,ส่งเเล้ว
750972294,ส่งเเล้ว
nan,ส่งเเล้ว
750801202,ส่งเเล้ว
750905839,ส่งเเล้ว
nan,ส่งเเล้ว
750810662,ส่งเเล้ว
750810685,ส่งเเล้ว
750973512,ส่งเเล้ว
750589526,ส่งเเล้ว
750817639,ส่งเเล้ว
750118795,ส่งเเล้ว
750939951,ส่งเเล้ว
750701604,ส่งเเล้ว
750700734,ส่งเเล้ว
680048049,ส่งเเล้ว
750958513,ส่งเเล้ว
360001391,ส่งเเล้ว
750772621,ส่งเเล้ว
670001877,ส่งเเล้ว
750899787,ส่งเเล้ว
750711560,ส่งเเล้ว
750848664,ส่งเเล้ว
750805203,ส่งเเล้ว
750805203,ส่งเเล้ว
680004251,ส่งเเล้ว
750707073,ส่งเเล้ว
750540605,ส่งเเล้ว
750911065,ส่งเเล้ว
750921351,ส่งเเล้ว
750173853,ส่งเเล้ว
750909814,ส่งเเล้ว
750943504,ส่งเเล้ว
750887793,ส่งเเล้ว
750964128,ส่งเเล้ว
750713326,ส่งเเล้ว
750970148,ส่งเเล้ว
540001262,ส่งเเล้ว
750748174,ส่งเเล้ว
750962136,ส่งเเล้ว
750880658,ส่งเเล้ว
750895347,ส่งเเล้ว
590001088,ส่งเเล้ว
750389379,ส่งเเล้ว
730009076,ส่งเเล้ว
750918579,ส่งเเล้ว
750933449,ส่งเเล้ว
750938240,ส่งเเล้ว
750965269,ส่งเเล้ว
750971505,ส่งเเล้ว
750967425,ส่งเเล้ว
750855210,ส่งเเล้ว
510000452,ส่งเเล้ว
730031738,ส่งเเล้ว
750846657,ส่งเเล้ว
750904302,ส่งเเล้ว
750819755,ส่งเเล้ว
640000026,ส่งเเล้ว
680018357,ส่งเเล้ว
750758437,ส่งเเล้ว
750961090,ส่งเเล้ว
750897189,ส่งเเล้ว
740000608,ส่งเเล้ว
750959076,ส่งเเล้ว
730014657,ส่งเเล้ว
670003806,ส่งเเล้ว
750303566,ส่งเเล้ว
750406726,ส่งเเล้ว
680005795,ส่งเเล้ว
750630246,ส่งเเล้ว
750747060,ส่งเเล้ว
690001559,ส่งเเล้ว
750764865,ส่งเเล้ว
750798436,ส่งเเล้ว
750192705,ส่งเเล้ว
750894919,ส่งเเล้ว
310000017,ส่งเเล้ว
680030356,ส่งเเล้ว
750930282,ส่งเเล้ว
750934435,ส่งเเล้ว
750968258,ส่งเเล้ว
750979980,ส่งเเล้ว
73009500,ส่งเเล้ว
750719546,ส่งเเล้ว
690000845,ส่งเเล้ว
750707073,ส่งเเล้ว
630003018,ส่งเเล้ว
530011562,ส่งเเล้ว
750733902,ส่งเเล้ว
750742858,ส่งเเล้ว
750321249,ส่งเเล้ว
750112706,ส่งเเล้ว
750699484,ส่งเเล้ว
550014181,ส่งเเล้ว
730005519,ส่งเเล้ว
750684112,ส่งเเล้ว
750407452,ส่งเเล้ว
750766737,ส่งเเล้ว
750758132,ส่งเเล้ว
750459604,ส่งเเล้ว
750805473,ส่งเเล้ว
750791794,ส่งเเล้ว
750825000,ส่งเเล้ว
750805473,ส่งเเล้ว
750707791,ส่งเเล้ว
750751904,ส่งเเล้ว
680015805,ส่งเเล้ว
730023569,ส่งเเล้ว
750798228,ส่งเเล้ว
750793465,ส่งเเล้ว
750459604,ส่งเเล้ว
750798228,ส่งเเล้ว
750061523,ส่งเเล้ว
750637597,ส่งเเล้ว
680011552,ส่งเเล้ว
750793465,ส่งเเล้ว
730007432,ส่งเเล้ว
730014125,ส่งเเล้ว
750455723,ส่งเเล้ว
530004433,ส่งเเล้ว
630004088,ส่งเเล้ว
610001363,ส่งเเล้ว
75024807,ส่งเเล้ว
750248807,ส่งเเล้ว
390003281,ส่งเเล้ว
740000647,ส่งเเล้ว
530000721,ส่งเเล้ว
480005008,ส่งเเล้ว
480005008,ส่งเเล้ว
750254652,ส่งเเล้ว
530003494,ส่งเเล้ว
610003438,ส่งเเล้ว
680002897,ส่งเเล้ว
750766737,ส่งเเล้ว
750766737,ส่งเเล้ว
710002221,ส่งเเล้ว
310001530,ส่งเเล้ว
750694499,ส่งเเล้ว
750750211,ส่งเเล้ว
750764985,ส่งเเล้ว
750166615,ส่งเเล้ว
680034166,ส่งเเล้ว
630014187,ส่งเเล้ว
750794067,ส่งเเล้ว
750842659,ส่งเเล้ว
750901579,ส่งเเล้ว
730005597,ส่งเเล้ว
" 730005597	",ส่งเเล้ว
750865915,ส่งเเล้ว
750214192,ส่งเเล้ว
750146332,ส่งเเล้ว
620001620,ส่งเเล้ว
730015570,ส่งเเล้ว
530003000,ส่งเเล้ว
750568420,ส่งเเล้ว
750445970,ส่งเเล้ว
750422945,ส่งเเล้ว
750445249,ส่งเเล้ว
360003329,ส่งเเล้ว
570000265,ส่งเเล้ว
680014363,ส่งเเล้ว
620001442,ส่งเเล้ว
750171946,ส่งเเล้ว
530005538,ส่งเเล้ว
610005310,ส่งเเล้ว
750465353,ส่งเเล้ว
730013235,ส่งเเล้ว
750648618,ส่งเเล้ว
730019607,ส่งเเล้ว
530000715,ส่งเเล้ว
390002549,ส่งเเล้ว
330000261,ส่งเเล้ว
330000261,ส่งเเล้ว
750365000,ส่งเเล้ว
670008726,ส่งเเล้ว
750081133,ส่งเเล้ว
750783159,ส่งเเล้ว
750402476,ส่งเเล้ว
680007934,ส่งเเล้ว
360002709,ส่งเเล้ว
730010661,ส่งเเล้ว
390001836,ส่งเเล้ว
390001836,ส่งเเล้ว
320000267,ส่งเเล้ว
750816000,ส่งเเล้ว
750468364,ส่งเเล้ว
750715628,ส่งเเล้ว
750445249,ส่งเเล้ว
750744452,ส่งเเล้ว
680004731,ส่งเเล้ว
750745684,ส่งเเล้ว
750739648,ส่งเเล้ว
750526325,ส่งเเล้ว
750206187,ส่งเเล้ว
610015147,ส่งเเล้ว
750749267,ส่งเเล้ว
750648926,ส่งเเล้ว
750731346,ส่งเเล้ว
750692833,ส่งเเล้ว
680011000,ส่งเเล้ว
750566184,ส่งเเล้ว
360000849,ส่งเเล้ว
360000664,ส่งเเล้ว
670007273,ส่งเเล้ว
320000267,ส่งเเล้ว
680030224,ส่งเเล้ว
750386766,ส่งเเล้ว
750386524,ส่งเเล้ว
680030224,ส่งเเล้ว
750465486,ส่งเเล้ว
690000586,ส่งเเล้ว
360003405,ส่งเเล้ว
670000566,ส่งเเล้ว
750155259,ส่งเเล้ว
750086681,ส่งเเล้ว
570000146,ส่งเเล้ว
530003171,ส่งเเล้ว
730002583,ส่งเเล้ว
750465486,ส่งเเล้ว
650562258,ส่งเเล้ว
750733472,ส่งเเล้ว
750406327,ส่งเเล้ว
750613908,ส่งเเล้ว
750451699,ส่งเเล้ว
540000818,ส่งเเล้ว
750431065,ส่งเเล้ว
750888219,ส่งเเล้ว
730005350,ส่งเเล้ว
470001916,ส่งเเล้ว
750613908,ส่งเเล้ว
750856525,ส่งเเล้ว
750897874,ส่งเเล้ว
750652187,ส่งเเล้ว
750888219,ส่งเเล้ว
750801894,ส่งเเล้ว
750838496,ส่งเเล้ว
750648543,ส่งเเล้ว
750812210,ส่งเเล้ว
750658509,ส่งเเล้ว
680012376,ส่งเเล้ว
750806250,ส่งเเล้ว
750700617,ส่งเเล้ว
750662298,ส่งเเล้ว
750303897,ส่งเเล้ว
730018081,ส่งเเล้ว
750757611,ส่งเเล้ว
750812555,ส่งเเล้ว
730007115,ส่งเเล้ว
730033748,ส่งเเล้ว
730009071,ส่งเเล้ว
690001442,ส่งเเล้ว
670003032,ส่งเเล้ว
750752745,ส่งเเล้ว
750303578,ส่งเเล้ว
750462467,ส่งเเล้ว
730007596,ส่งเเล้ว
750336997,ส่งเเล้ว
750843766,ส่งเเล้ว
530011562,ส่งเเล้ว
750303578,ส่งเเล้ว
750658509,ส่งเเล้ว
670019180,ส่งเเล้ว
750791446,ส่งเเล้ว
310003563,ส่งเเล้ว
360004272,ส่งเเล้ว
530005131,ส่งเเล้ว
680004031,ส่งเเล้ว
590001016,ส่งเเล้ว
690001441,ส่งเเล้ว
750159036,ส่งเเล้ว
