เลขที่ CIF,การจัดส่ง
670006670,ส่งแล้ว
750142067,ส่งแล้ว
750769764,ส่งแล้ว
750769764,ส่งแล้ว
750794593,ส่งแล้ว
750769764,ส่งแล้ว
750794184,ส่งแล้ว
750798220,ส่งแล้ว
750751453,ส่งแล้ว
380000938,ส่งแล้ว
750205147,ส่งแล้ว
750769764,ส่งแล้ว
750142067,ส่งแล้ว
750854232,ส่งแล้ว
nan,ส่งแล้ว
750765821,ส่งแล้ว
750800525,ส่งแล้ว
750847833,ส่งแล้ว
750833940,ส่งแล้ว
750250182,ส่งแล้ว
750766732,ส่งแล้ว
380002624,ส่งแล้ว
750899369,ส่งแล้ว
750899369,ส่งแล้ว
ลูกค้าใหม่,ส่งแล้ว
750811477,ส่งแล้ว
730015345,ส่งแล้ว
nan,ส่งแล้ว
750899477,ส่งแล้ว
750811477,ส่งแล้ว
750764319,ส่งแล้ว
750765097,ส่งแล้ว
750285641,ส่งแล้ว
750928824,ส่งแล้ว
750928835,ส่งแล้ว
750774147,ส่งแล้ว
750750146,ส่งแล้ว
750346699,ส่งแล้ว
750748113,ส่งแล้ว
nan,ส่งแล้ว
750894922,ส่งแล้ว
540004526,ส่งแล้ว
750750146,ส่งแล้ว
nan,ส่งแล้ว
750346699,ส่งแล้ว
750765651,ส่งแล้ว
750765939,ส่งแล้ว
750748113,ส่งแล้ว
750765939,ส่งแล้ว
750759293,ส่งแล้ว
480003176,ส่งแล้ว
480003176,ส่งแล้ว
750800923,ส่งแล้ว
730015345,ส่งแล้ว
690001351,ส่งแล้ว
nan,ส่งแล้ว
540002759,ส่งแล้ว
630010083,ส่งแล้ว
750902516,ส่งแล้ว
750708445,ส่งแล้ว
750118657,ส่งแล้ว
540002759,ส่งแล้ว
750676697,ส่งแล้ว
750787856,ส่งแล้ว
390004094,ส่งแล้ว
540005516,ส่งแล้ว
750363096,ส่งแล้ว
750271193,ส่งแล้ว
750365528,ส่งแล้ว
nan,ส่งแล้ว
750902516,ส่งแล้ว
690001351,ส่งแล้ว
750676697,ส่งแล้ว
750780026,ส่งแล้ว
750792562,ส่งแล้ว
750805168,ส่งแล้ว
610017233,ส่งแล้ว
680011941,ส่งแล้ว
610013853,ส่งแล้ว
750814617,ส่งแล้ว
750836331,ส่งแล้ว
750797871,ส่งแล้ว
750810170,ส่งแล้ว
750811686,ส่งแล้ว
750803774,ส่งแล้ว
750810015,ส่งแล้ว
750376161,ส่งแล้ว
750314936,ส่งแล้ว
750252455,ส่งแล้ว
750516173,ส่งแล้ว
750418373,ส่งแล้ว
750397321,ส่งแล้ว
750397349,ส่งแล้ว
310006546,ส่งแล้ว
750797170,ส่งแล้ว
750897984,ส่งแล้ว
750801290,ส่งแล้ว
750844249,ส่งแล้ว
750801021,ส่งแล้ว
750797170,ส่งแล้ว
750293549,ส่งแล้ว
750397321,ส่งแล้ว
750397349,ส่งแล้ว
750797170,ส่งแล้ว
730008353,ส่งแล้ว
550005508,ส่งแล้ว
680014057,ส่งแล้ว
750524849,ส่งแล้ว
610011556,ส่งแล้ว
750430676,ส่งแล้ว
nan,ส่งแล้ว
nan,ส่งแล้ว
750708739,ส่งแล้ว
750326504,ส่งแล้ว
730017279,ส่งแล้ว
750854107,ส่งแล้ว
750807612,ส่งแล้ว
nan,ส่งแล้ว
750848664,ส่งแล้ว
680048049,ส่งแล้ว
680012813,ส่งแล้ว
750847672,ส่งแล้ว
750312453,ส่งแล้ว
680014882,ส่งแล้ว
750697586,ส่งแล้ว
750326504,ส่งแล้ว
750662105,ส่งแล้ว
730046386,ส่งแล้ว
750722644,ส่งแล้ว
680014882,ส่งแล้ว
750326504,ส่งแล้ว
750662105,ส่งแล้ว
750417720,ส่งแล้ว
750759942,ส่งแล้ว
680026953,ส่งแล้ว
740000306,ส่งแล้ว
600001595,ส่งแล้ว
750697348,ส่งแล้ว
nan,ส่งแล้ว
670005540,ส่งแล้ว
nan,ส่งแล้ว
750050930,ส่งแล้ว
750671692,ส่งแล้ว
580001959,ส่งแล้ว
730007522,ส่งแล้ว
750760971,ส่งแล้ว
750716062,ส่งแล้ว
750690246,ส่งแล้ว
750873219,ส่งแล้ว
750851137,ส่งแล้ว
750906932,ส่งแล้ว
750602275,ส่งแล้ว
730020957,ส่งแล้ว
750010491,ส่งแล้ว
750010490,ส่งแล้ว
750696767,ส่งแล้ว
750804849,ส่งแล้ว
750010490,ส่งแล้ว
750398494,ส่งแล้ว
580001729,ส่งแล้ว
nan,ส่งแล้ว
750792563,ส่งแล้ว
750935383,ส่งแล้ว
750937195,ส่งแล้ว
750897863,ส่งแล้ว
750832642,ส่งแล้ว
750360207,ส่งแล้ว
530006666,ส่งแล้ว
680008224,ส่งแล้ว
750382531,ส่งแล้ว
750748204,ส่งแล้ว
750630405,ส่งแล้ว
670000672,ส่งแล้ว
360001458,ส่งแล้ว
nan,ส่งแล้ว
750061736,ส่งแล้ว
490000217,ส่งแล้ว
670000686,ส่งแล้ว
750807665,ส่งแล้ว
750241764,ส่งแล้ว
750761041,ส่งแล้ว
nan,ส่งแล้ว
nan,ส่งแล้ว
750677912,ส่งแล้ว
750851563,ส่งแล้ว
750013615,ส่งแล้ว
750852910,ส่งแล้ว
550001975,ส่งแล้ว
750622105,ส่งแล้ว
750421742,ส่งแล้ว
360002322,ส่งแล้ว
750241764,ส่งแล้ว
nan,ส่งแล้ว
610025253,ส่งแล้ว
540006968,ส่งแล้ว
690000293,ส่งแล้ว
nan,ส่งแล้ว
520000466,ส่งแล้ว
750769899,ส่งแล้ว
670007676,ส่งแล้ว
680001860,ส่งแล้ว
750898940,ส่งแล้ว
750739745,ส่งแล้ว
390004832,ส่งแล้ว
750428998,ส่งแล้ว
0,ส่งแล้ว
75071418,ส่งแล้ว
510000449,ส่งแล้ว
750709134,ส่งแล้ว
750326363,ส่งแล้ว
620001113,ส่งแล้ว
750438636,ส่งแล้ว
750896232,ส่งแล้ว
690000293,ส่งแล้ว
nan,ส่งแล้ว
750787339,ส่งแล้ว
750687431,ส่งแล้ว
750853485,ส่งแล้ว
750748204,ส่งแล้ว
750758130,ส่งแล้ว
580004367,ส่งแล้ว
750749848,ส่งแล้ว
750643560,ส่งแล้ว
750702166,ส่งแล้ว
750848904,ส่งแล้ว
610008283,ส่งแล้ว
750642364,ส่งแล้ว
610001370,ส่งแล้ว
nan,ส่งแล้ว
730021227,ส่งแล้ว
750003910,ส่งแล้ว
680041844,ส่งแล้ว
380004172,ส่งแล้ว
730035980,ส่งแล้ว
750812231,ส่งแล้ว
480002135,ส่งแล้ว
750776262,ส่งแล้ว
750853485,ส่งแล้ว
670000672,ส่งแล้ว
480003297,ส่งแล้ว
750016339,ส่งแล้ว
730014624,ส่งแล้ว
480001799,ส่งแล้ว
620001643,ส่งแล้ว
710001229,ส่งแล้ว
760161763,ส่งแล้ว
750085385,ส่งแล้ว
nan,ส่งแล้ว
610003028,ส่งแล้ว
750569124,ส่งแล้ว
710001598,ส่งแล้ว
360002260,ส่งแล้ว
730014012,ส่งแล้ว
750369457,ส่งแล้ว
620002966,ส่งแล้ว
750801502,ส่งแล้ว
610012030,ส่งแล้ว
360000916,ส่งแล้ว
750799465,ส่งแล้ว
750807078,ส่งแล้ว
750854177,ส่งแล้ว
750445970,ส่งแล้ว
750746468,ส่งแล้ว
750465352,ส่งแล้ว
730001616,ส่งแล้ว
580002321,ส่งแล้ว
670005095,ส่งแล้ว
730013484,ส่งแล้ว
610005077,ส่งแล้ว
630004734,ส่งแล้ว
730022046,ส่งแล้ว
750421967,ส่งแล้ว
620002430,ส่งแล้ว
650000472,ส่งแล้ว
750764974,ส่งแล้ว
750558973,ส่งแล้ว
620001441,ส่งแล้ว
nan,ส่งแล้ว
620003014,ส่งแล้ว
750070173,ส่งแล้ว
750015284,ส่งแล้ว
750015248,ส่งแล้ว
730006879,ส่งแล้ว
750711720,ส่งแล้ว
730016951,ส่งแล้ว
550001610,ส่งแล้ว
610018730,ส่งแล้ว
730012109,ส่งแล้ว
750756205,ส่งแล้ว
670000864,ส่งแล้ว
750526533,ส่งแล้ว
750526533,ส่งแล้ว
750301475,ส่งแล้ว
610022591,ส่งแล้ว
730004426,ส่งแล้ว
750092730,ส่งแล้ว
310003026,ส่งแล้ว
740001222,ส่งแล้ว
740000816,ส่งแล้ว
680004084,ส่งแล้ว
500000116,ส่งแล้ว
730001645,ส่งแล้ว
610004302,ส่งแล้ว
nan,ส่งแล้ว
750702166,ส่งแล้ว
750175863,ส่งแล้ว
620000059,ส่งแล้ว
670000960,ส่งแล้ว
730001746,ส่งแล้ว
610002131,ส่งแล้ว
nan,ส่งแล้ว
310002270,ส่งแล้ว
610007907,ส่งแล้ว
730008403,ส่งแล้ว
730008403,ส่งแล้ว
690001410,ส่งแล้ว
730014711,ส่งแล้ว
750129490,ส่งแล้ว
610001549,ส่งแล้ว
750756300,ส่งแล้ว
750293522,ส่งแล้ว
710001308,ส่งแล้ว
710001308,ส่งแล้ว
750853852,ส่งแล้ว
620000263,ส่งแล้ว
750739041,ส่งแล้ว
680023737,ส่งแล้ว
680009340,ส่งแล้ว
750377440,ส่งแล้ว
680016967,ส่งแล้ว
500000116,ส่งแล้ว
750717549,ส่งแล้ว
750302462,ส่งแล้ว
730015390,ส่งแล้ว
610009309,ส่งแล้ว
310011120,ส่งแล้ว
730003802,ส่งแล้ว
590000927,ส่งแล้ว
610006015,ส่งแล้ว
750151821,ส่งแล้ว
570000177,ส่งแล้ว
750801544,ส่งแล้ว
nan,ส่งแล้ว
750648911,ส่งแล้ว
750086116,ส่งแล้ว
750812922,ส่งแล้ว
nan,ส่งแล้ว
530002630,ส่งแล้ว
610001474,ส่งแล้ว
nan,ส่งแล้ว
750905378,ส่งแล้ว
750477679,ส่งแล้ว
750457513,ส่งแล้ว
710001230,ส่งแล้ว
750463296,ส่งแล้ว
750920663,ส่งแล้ว
750085385,ส่งแล้ว
750185563,ส่งแล้ว
550001610,ส่งแล้ว
680007661,ส่งแล้ว
750750210,ส่งแล้ว
680014762,ส่งแล้ว
750790143,ส่งแล้ว
0,ส่งแล้ว
750185543,ส่งแล้ว
750408051,ส่งแล้ว
750795156,ส่งแล้ว
540000818,ส่งแล้ว
750811686,ส่งแล้ว
750797278,ส่งแล้ว
750289737,ส่งแล้ว
670021358,ส่งแล้ว
580002368,ส่งแล้ว
510001422,ส่งแล้ว
750258657,ส่งแล้ว
750731340,ส่งแล้ว
750307831,ส่งแล้ว
750870041,ส่งแล้ว
330002323,ส่งแล้ว
310002494,ส่งแล้ว
530003293,ส่งแล้ว
750375083,ส่งแล้ว
360002525,ส่งแล้ว
750798475,ส่งแล้ว
750844356,ส่งแล้ว
750800516,ส่งแล้ว
750681503,ส่งแล้ว
680020345,ส่งแล้ว
670014180,ส่งแล้ว
750145996,ส่งแล้ว
520004795,ส่งแล้ว
730008678,ส่งแล้ว
750202663,ส่งแล้ว
750926754,ส่งแล้ว
750793422,ส่งแล้ว
750455320,ส่งแล้ว
750270320,ส่งแล้ว
730014624,ส่งแล้ว
750717549,ส่งแล้ว
750929159,ส่งแล้ว
750691083,ส่งแล้ว
nan,ส่งแล้ว
nan,ส่งแล้ว
750870041,ส่งแล้ว
680003035,ส่งแล้ว
750929156,ส่งแล้ว
750444583,ส่งแล้ว
630005953,ส่งแล้ว
360002795,ส่งแล้ว
nan,ส่งแล้ว
750013796,ส่งแล้ว
750441945,ส่งแล้ว
730010098,ส่งแล้ว
730013901,ส่งแล้ว
750915670,ส่งแล้ว
G514300,ส่งแล้ว
750842657,ส่งแล้ว
750283624,ส่งแล้ว
750796702,ส่งแล้ว
nan,ส่งแล้ว
nan,ส่งแล้ว
750804842,ส่งแล้ว
nan,ส่งแล้ว
680004031,ส่งแล้ว
750894919,ส่งแล้ว
nan,ส่งแล้ว
750455320,ส่งแล้ว
750422038,ส่งแล้ว
750572698,ส่งแล้ว
750175977,ส่งแล้ว
750675592,ส่งแล้ว
610002131,ส่งแล้ว
730001616,ส่งแล้ว
750401427,ส่งแล้ว
750386769,ส่งแล้ว
nan,ส่งแล้ว
740001150,ส่งแล้ว
750743619,ส่งแล้ว
750761701,ส่งแล้ว
750870041,ส่งแล้ว
750458174,ส่งแล้ว
750519930,ส่งแล้ว
341130583,ส่งแล้ว
750901234,ส่งแล้ว
nan,ส่งแล้ว
750667130,ส่งแล้ว
750646634,ส่งแล้ว
750841018,ส่งแล้ว
750254908,ส่งแล้ว
nan,ส่งแล้ว
nan,ส่งแล้ว
750382929,ส่งแล้ว
750747181,ส่งแล้ว
750760862,ส่งแล้ว
nan,ส่งแล้ว
750743619,ส่งแล้ว
710001229,ส่งแล้ว
390001291,ส่งแล้ว
680011846,ส่งแล้ว
670003558,ส่งแล้ว
560000141,ส่งแล้ว
530002685,ส่งแล้ว
750070173,ส่งแล้ว
750055943,ส่งแล้ว
730008372,ส่งแล้ว
360001906,ส่งแล้ว
730001645,ส่งแล้ว
730001746,ส่งแล้ว
740001222,ส่งแล้ว
730004426,ส่งแล้ว
680001413,ส่งแล้ว
550001382,ส่งแล้ว
750641165,ส่งแล้ว
320000371,ส่งแล้ว
330000792,ส่งแล้ว
650001027,ส่งแล้ว
750505948,ส่งแล้ว
750797944,ส่งแล้ว
750303566,ส่งแล้ว
680018357,ส่งแล้ว
750700734,ส่งแล้ว
360001391,ส่งแล้ว
750711560,ส่งแล้ว
670001877,ส่งแล้ว
750805203,ส่งแล้ว
680007970,ส่งแล้ว
750173853,ส่งแล้ว
750748648,ส่งแล้ว
750697265,ส่งแล้ว
nan,ส่งแล้ว
750054639,ส่งแล้ว
750809485,ส่งแล้ว
750855210,ส่งแล้ว
750801202,ส่งแล้ว
750817639,ส่งแล้ว
730014657,ส่งแล้ว
360003642,ส่งแล้ว
nan,ส่งแล้ว
510001299,ส่งแล้ว
750703841,ส่งแล้ว
750494691,ส่งแล้ว
750669565,ส่งแล้ว
nan,ส่งแล้ว
750887793,ส่งแล้ว
750713326,ส่งแล้ว
750749699,ส่งแล้ว
750762022,ส่งแล้ว
550003079,ส่งแล้ว
580003268,ส่งแล้ว
620001500,ส่งแล้ว
580013300,ส่งแล้ว
750852684,ส่งแล้ว
490000441,ส่งแล้ว
480003008,ส่งแล้ว
490000441,ส่งแล้ว
310004069,ส่งแล้ว
750118795,ส่งแล้ว
750707073,ส่งแล้ว
730006354,ส่งแล้ว
750621875,ส่งแล้ว
730009076,ส่งแล้ว
610002906,ส่งแล้ว
750809296,ส่งแล้ว
750406726,ส่งแล้ว
750749693,ส่งแล้ว
550002424,ส่งแล้ว
750897413,ส่งแล้ว
nan,ส่งแล้ว
680004251,ส่งแล้ว
750701604,ส่งแล้ว
750772621,ส่งแล้ว
750433791,ส่งแล้ว
750512456,ส่งแล้ว
nan,ส่งแล้ว
nan,ส่งแล้ว
750381930,ส่งแล้ว
550003924,ส่งแล้ว
750706941,ส่งแล้ว
750814151,ส่งแล้ว
750641165,ส่งแล้ว
550001382,ส่งแล้ว
730006354,ส่งแล้ว
750365529,ส่งแล้ว
750791403,ส่งแล้ว
730004741,ส่งแล้ว
680004262,ส่งแล้ว
750912456,ส่งแล้ว
750750199,ส่งแล้ว
750908899,ส่งแล้ว
610002906,ส่งแล้ว
750814644,ส่งแล้ว
750911065,ส่งแล้ว
0,ส่งแล้ว
750809296,ส่งแล้ว
750805203,ส่งแล้ว
750795663,ส่งแล้ว
750037218,ส่งแล้ว
nan,ส่งแล้ว
680021623,ส่งแล้ว
670001877,ส่งแล้ว
750899787,ส่งแล้ว
750130166,ส่งแล้ว
nan,ส่งแล้ว
310008898,ส่งแล้ว
510000452,ส่งแล้ว
750748174,ส่งแล้ว
750037505,ส่งแล้ว
510001317,ส่งแล้ว
750748648,ส่งแล้ว
750089926,ส่งแล้ว
nan,ส่งแล้ว
750846717,ส่งแล้ว
750068349,ส่งแล้ว
750842297,ส่งแล้ว
750926843,ส่งแล้ว
750918579,ส่งแล้ว
750814482,ส่งแล้ว
nan,ส่งแล้ว
730014657,ส่งแล้ว
750900254,ส่งแล้ว
670001963,ส่งแล้ว
750739040,ส่งแล้ว
490000441,ส่งแล้ว
nan,ส่งแล้ว
nan,ส่งแล้ว
730009076,ส่งแล้ว
nan,ส่งแล้ว
nan,ส่งแล้ว
750745683,ส่งแล้ว
750070640,ส่งแล้ว
750857336,ส่งแล้ว
750389379,ส่งแล้ว
730006354,ส่งแล้ว
750805397,ส่งแล้ว
750054639,ส่งแล้ว
nan,ส่งแล้ว
nan,ส่งแล้ว
750601559,ส่งแล้ว
750842362,ส่งแล้ว
750706007,ส่งแล้ว
750697448,ส่งแล้ว
520000621,ส่งแล้ว
750699489,ส่งแล้ว
750621875,ส่งแล้ว
750723958,ส่งแล้ว
750389379,ส่งแล้ว
750808964,ส่งแล้ว
750856473,ส่งแล้ว
nan,ส่งแล้ว
750794113,ส่งแล้ว
750540605,ส่งแล้ว
750246629,ส่งแล้ว
380001771,ส่งแล้ว
750645715,ส่งแล้ว
750749699,ส่งแล้ว
750689991,ส่งแล้ว
750343817,ส่งแล้ว
750895347,ส่งแล้ว
750747267,ส่งแล้ว
750742860,ส่งแล้ว
750344427,ส่งแล้ว
750898737,ส่งแล้ว
750366261,ส่งแล้ว
690001559,ส่งแล้ว
nan,ส่งแล้ว
750747123,ส่งแล้ว
310000017,ส่งแล้ว
750630246,ส่งแล้ว
670006064,ส่งแล้ว
nan,ส่งแล้ว
530003423,ส่งแล้ว
750728591,ส่งแล้ว
750719354,ส่งแล้ว
730009206,ส่งแล้ว
750716839,ส่งแล้ว
360003317,ส่งแล้ว
730014657,ส่งแล้ว
nan,ส่งแล้ว
750896124,ส่งแล้ว
nan,ส่งแล้ว
750749693,ส่งแล้ว
750798436,ส่งแล้ว
750851658,ส่งแล้ว
670003806,ส่งแล้ว
750700615,ส่งแล้ว
750747060,ส่งแล้ว
nan,ส่งแล้ว
750696409,ส่งแล้ว
750813136,ส่งแล้ว
750586786,ส่งแล้ว
730016812,ส่งแล้ว
610014988,ส่งแล้ว
640000026,ส่งแล้ว
680015051,ส่งแล้ว
680009124,ส่งแล้ว
750765867,ส่งแล้ว
740000608,ส่งแล้ว
nan,ส่งแล้ว
750758437,ส่งแล้ว
670001963,ส่งแล้ว
680024725,ส่งแล้ว
nan,ส่งแล้ว
750893791,ส่งแล้ว
730005519,ส่งแล้ว
550014181,ส่งแล้ว
750321249,ส่งแล้ว
510000733,ส่งแล้ว
750807668,ส่งแล้ว
750089687,ส่งแล้ว
750637597,ส่งแล้ว
750798228,ส่งแล้ว
730007432,ส่งแล้ว
750758132,ส่งแล้ว
750407452,ส่งแล้ว
740000647,ส่งแล้ว
750709623,ส่งแล้ว
750465353,ส่งแล้ว
630014187,ส่งแล้ว
750468364,ส่งแล้ว
750764985,ส่งแล้ว
620001442,ส่งแล้ว
750086681,ส่งแล้ว
730019607,ส่งแล้ว
670000566,ส่งแล้ว
750526325,ส่งแล้ว
750155259,ส่งแล้ว
480001531,ส่งแล้ว
360003405,ส่งแล้ว
750386524,ส่งแล้ว
530000715,ส่งแล้ว
570000146,ส่งแล้ว
730008000,ส่งแล้ว
750129488,ส่งแล้ว
710000071,ส่งแล้ว
750739040,ส่งแล้ว
680014363,ส่งแล้ว
390003281,ส่งแล้ว
750648926,ส่งแล้ว
540002464,ส่งแล้ว
610003028,ส่งแล้ว
630002925,ส่งแล้ว
750750211,ส่งแล้ว
550002549,ส่งแล้ว
750776160,ส่งแล้ว
750166615,ส่งแล้ว
750319576,ส่งแล้ว
530005538,ส่งแล้ว
680030224,ส่งแล้ว
750731346,ส่งแล้ว
750878202,ส่งแล้ว
750870049,ส่งแล้ว
750925000,ส่งแล้ว
530003906,ส่งแล้ว
680010011,ส่งแล้ว
750929168,ส่งแล้ว
750691087,ส่งแล้ว
750870049,ส่งแล้ว
750694499,ส่งแล้ว
750842669,ส่งแล้ว
750587163,ส่งแล้ว
750597356,ส่งแล้ว
750386766,ส่งแล้ว
320000287,ส่งแล้ว
750749267,ส่งแล้ว
750870049,ส่งแล้ว
750749267,ส่งแล้ว
680007934,ส่งแล้ว
730019607,ส่งแล้ว
530000715,ส่งแล้ว
480001531,ส่งแล้ว
750303578,ส่งแล้ว
750812210,ส่งแล้ว
670005429,ส่งแล้ว
670009944,ส่งแล้ว
530011562,ส่งแล้ว
630003018,ส่งแล้ว
750748649,ส่งแล้ว
590000615,ส่งแล้ว
750336997,ส่งแล้ว
750733472,ส่งแล้ว
530002302,ส่งแล้ว
750699484,ส่งแล้ว
750648543,ส่งแล้ว
750406327,ส่งแล้ว
750908898,ส่งแล้ว
680012443,ส่งแล้ว
530011562,ส่งแล้ว
670009944,ส่งแล้ว
750431065,ส่งแล้ว
680006732,ส่งแล้ว
750748649,ส่งแล้ว
750739041,ส่งแล้ว
530002302,ส่งแล้ว
750745684,ส่งแล้ว
750857332,ส่งแล้ว
750742858,ส่งแล้ว
730007596,ส่งแล้ว
750700617,ส่งแล้ว
750303897,ส่งแล้ว
750806250,ส่งแล้ว
750852911,ส่งแล้ว
530005131,ส่งแล้ว
750794067,ส่งแล้ว
680018209,ส่งแล้ว
680018209,ส่งแล้ว
